date,pm25,pm10,o3,aqi
12/1/2022,28,18,10,28
12/2/2022,55,15,7,55
12/3/2022,50,14,12,50
12/4/2022,51,13,16,51
12/5/2022,43,6,11,43
12/6/2022,23,5,14,23
12/7/2022,20,7,13,20
12/8/2022,26,9,19,26
12/9/2022,25,4,23,25
12/10/2022,14,3,21,21
12/11/2022,12,0,0,12
11/1/2022,14,4,18,18
11/2/2022,14,3,17,17
11/3/2022,14,6,17,17
11/4/2022,18,3,15,18
11/5/2022,10,3,11,11
11/6/2022,13,6,19,19
11/7/2022,20,4,18,20
11/8/2022,13,6,15,15
11/9/2022,17,9,21,21
11/10/2022,23,6,20,23
11/11/2022,14,4,25,25
11/12/2022,13,7,23,23
11/13/2022,17,7,21,21
11/14/2022,14,5,16,16
11/15/2022,13,8,14,14
11/16/2022,12,9,20,20
11/17/2022,15,9,20,20
11/18/2022,11,5,19,19
11/19/2022,11,3,18,18
11/20/2022,15,5,17,17
11/21/2022,24,5,16,24
11/22/2022,22,3,18,22
11/23/2022,10,5,15,15
11/24/2022,16,7,17,17
11/25/2022,25,11,8,25
11/26/2022,39,10,4,39
11/27/2022,37,10,12,37
11/28/2022,33,6,5,33
11/29/2022,22,5,5,22
11/30/2022,20,8,4,20
10/1/2022,14,5,20,20
10/2/2022,19,7,18,19
10/3/2022,20,6,25,25
10/4/2022,16,8,18,18
10/5/2022,21,6,24,24
10/6/2022,18,10,23,23
10/7/2022,25,8,27,27
10/8/2022,20,4,21,21
10/9/2022,13,6,21,21
10/10/2022,14,6,21,21
10/11/2022,16,4,23,23
10/12/2022,12,9,17,17
10/13/2022,19,8,20,20
10/14/2022,26,15,16,26
10/15/2022,52,12,19,52
10/16/2022,46,4,28,46
10/17/2022,13,2,23,23
10/18/2022,7,4,19,19
10/19/2022,10,5,20,20
10/20/2022,13,6,19,19
10/21/2022,13,6,22,22
10/22/2022,17,7,22,22
10/23/2022,20,9,16,20
10/24/2022,17,5,16,17
10/25/2022,16,4,12,16
10/26/2022,15,4,16,16
10/27/2022,12,9,19,19
10/28/2022,21,2,28,28
10/29/2022,11,4,25,25
10/30/2022,13,8,19,19
10/31/2022,16,5,13,16
9/1/2022,12,3,20,20
9/2/2022,10,3,17,17
9/3/2022,9,3,22,22
9/4/2022,11,6,21,21
9/5/2022,11,5,23,23
9/6/2022,10,7,23,23
9/7/2022,17,7,23,23
9/8/2022,17,14,26,26
9/9/2022,21,7,24,24
9/10/2022,16,8,26,26
9/11/2022,21,9,28,28
9/12/2022,22,7,21,22
9/13/2022,11,6,18,18
9/14/2022,16,3,26,26
9/15/2022,10,3,21,21
9/16/2022,10,4,27,27
9/17/2022,16,3,21,21
9/18/2022,13,5,17,17
9/19/2022,12,5,13,13
9/20/2022,18,5,16,18
9/21/2022,16,6,17,17
9/22/2022,13,7,22,22
9/23/2022,18,5,17,18
9/24/2022,16,4,19,19
9/25/2022,16,8,23,23
9/26/2022,18,7,21,21
9/27/2022,16,6,16,16
9/28/2022,18,3,9,18
9/29/2022,11,4,12,12
9/30/2022,16,5,21,21
8/1/2022,19,7,35,35
8/2/2022,18,8,29,29
8/3/2022,18,15,45,45
8/4/2022,33,18,35,35
8/5/2022,37,12,30,37
8/6/2022,24,4,24,24
8/7/2022,9,7,29,29
8/8/2022,17,7,26,26
8/9/2022,20,7,33,33
8/10/2022,16,8,30,30
8/11/2022,21,8,35,35
8/12/2022,26,7,25,26
8/13/2022,24,12,34,34
8/14/2022,34,15,58,58
8/15/2022,39,19,47,47
8/16/2022,53,21,34,53
8/17/2022,54,22,55,55
8/18/2022,60,27,44,60
8/19/2022,65,26,35,65
8/20/2022,54,26,30,54
8/21/2022,51,22,29,51
8/22/2022,36,9,28,36
8/23/2022,24,18,26,26
8/24/2022,46,6,24,46
8/25/2022,14,7,22,22
8/26/2022,19,12,34,34
8/27/2022,37,17,34,37
8/28/2022,53,3,17,53
8/29/2022,13,4,21,21
8/30/2022,11,5,20,20
8/31/2022,13,5,20,20
7/1/2022,39,17,38,39
7/2/2022,47,6,35,47
7/3/2022,14,10,34,34
7/4/2022,24,11,32,32
7/5/2022,22,7,27,27
7/6/2022,13,7,27,27
7/7/2022,16,7,26,26
7/8/2022,15,5,30,30
7/9/2022,18,3,35,35
7/10/2022,14,11,30,30
7/11/2022,25,12,27,27
7/12/2022,34,8,22,34
7/13/2022,33,5,23,33
7/14/2022,14,4,22,22
7/15/2022,10,3,20,20
7/16/2022,10,2,17,17
7/17/2022,9,4,25,25
7/18/2022,11,6,26,26
7/19/2022,23,4,24,24
7/20/2022,12,11,24,24
7/21/2022,35,17,63,63
7/22/2022,50,8,48,50
7/23/2022,33,3,24,33
7/24/2022,14,6,33,33
7/25/2022,18,9,31,31
7/26/2022,26,5,24,26
7/27/2022,17,4,22,22
7/28/2022,12,4,22,22
7/29/2022,11,3,19,19
7/30/2022,10,5,25,25
7/31/2022,17,8,28,28
6/1/2022,23,7,30,30
6/2/2022,19,7,29,29
6/3/2022,26,7,26,26
6/4/2022,22,5,25,25
6/5/2022,15,6,27,27
6/6/2022,11,8,28,28
6/7/2022,15,9,38,38
6/8/2022,28,13,37,37
6/9/2022,29,11,33,33
6/10/2022,25,9,35,35
6/11/2022,27,10,31,31
6/12/2022,25,16,25,25
6/13/2022,25,15,25,25
6/14/2022,22,29,22,29
6/15/2022,16,16,22,22
6/16/2022,14,16,26,26
6/17/2022,20,6,38,38
6/18/2022,21,6,29,29
6/19/2022,19,5,18,19
6/20/2022,13,11,16,16
6/21/2022,20,12,25,25
6/22/2022,23,12,28,28
6/23/2022,31,7,27,31
6/24/2022,26,8,25,26
6/25/2022,29,12,36,36
6/26/2022,41,18,28,41
6/27/2022,48,22,49,49
6/28/2022,53,16,41,53
6/29/2022,26,15,41,41
6/30/2022,31,15,41,41
5/1/2022,15,18,35,35
5/2/2022,14,9,29,29
5/3/2022,14,8,29,29
5/4/2022,14,13,33,33
5/5/2022,18,23,32,32
5/6/2022,31,11,30,31
5/7/2022,21,4,30,30
5/8/2022,10,15,32,32
5/9/2022,17,19,36,36
5/10/2022,13,14,31,31
5/11/2022,28,15,28,28
5/12/2022,23,8,26,26
5/13/2022,14,7,30,30
5/14/2022,18,5,25,25
5/15/2022,9,8,27,27
5/16/2022,12,7,21,21
5/17/2022,11,10,33,33
5/18/2022,15,11,28,28
5/19/2022,18,11,28,28
5/20/2022,16,10,29,29
5/21/2022,15,7,29,29
5/22/2022,20,14,34,34
5/23/2022,23,18,35,35
5/24/2022,27,20,30,30
5/25/2022,33,8,23,33
5/26/2022,22,4,26,26
5/27/2022,16,4,27,27
5/28/2022,16,5,24,24
5/29/2022,18,7,29,29
5/30/2022,20,4,25,25
5/31/2022,23,7,32,32
4/1/2022,22,21,31,31
4/2/2022,27,12,30,30
4/3/2022,12,6,30,30
4/4/2022,11,4,32,32
4/5/2022,17,5,32,32
4/6/2022,14,4,28,28
4/7/2022,15,4,29,29
4/8/2022,13,5,33,33
4/9/2022,14,6,32,32
4/10/2022,16,14,33,33
4/11/2022,17,21,28,28
4/12/2022,22,21,33,33
4/13/2022,15,13,28,28
4/14/2022,17,8,33,33
4/15/2022,15,11,34,34
4/16/2022,18,16,31,31
4/17/2022,22,17,34,34
4/18/2022,22,31,31,31
4/19/2022,28,31,32,32
4/20/2022,24,21,31,31
4/21/2022,16,22,27,27
4/22/2022,19,25,33,33
4/23/2022,24,12,31,31
4/24/2022,13,20,29,29
4/25/2022,18,19,33,33
4/26/2022,16,13,29,29
4/27/2022,15,12,29,29
4/28/2022,15,6,30,30
4/29/2022,11,8,31,31
4/30/2022,14,7,30,30
3/1/2022,14,8,26,26
3/2/2022,33,7,28,33
3/3/2022,15,13,28,28
3/4/2022,16,10,29,29
3/5/2022,17,3,32,32
3/6/2022,9,5,29,29
3/7/2022,16,5,29,29
3/8/2022,17,7,31,31
3/9/2022,25,5,32,32
3/10/2022,17,6,31,31
3/11/2022,21,8,23,23
3/12/2022,32,10,26,32
3/13/2022,37,21,25,37
3/14/2022,34,19,22,34
3/15/2022,43,17,27,43
3/16/2022,51,15,24,51
3/17/2022,43,16,29,43
3/18/2022,40,8,23,40
3/19/2022,34,10,30,34
3/20/2022,19,15,37,37
3/21/2022,32,19,37,37
3/22/2022,55,19,34,55
3/23/2022,55,18,34,55
3/24/2022,38,11,34,38
3/25/2022,31,19,34,34
3/26/2022,20,8,31,31
3/27/2022,8,4,30,30
3/28/2022,8,18,30,30
3/29/2022,15,14,31,31
3/30/2022,16,14,30,30
3/31/2022,22,16,26,26
2/1/2022,40,16,7,40
2/2/2022,52,13,5,52
2/3/2022,53,5,24,53
2/4/2022,22,4,26,26
2/5/2022,19,3,25,25
2/6/2022,6,6,26,26
2/7/2022,19,3,23,23
2/8/2022,10,4,27,27
2/9/2022,12,4,27,27
2/10/2022,13,4,26,26
2/11/2022,14,4,28,28
2/12/2022,13,7,27,27
2/13/2022,19,9,21,21
2/14/2022,35,15,22,35
2/15/2022,59,7,23,59
2/16/2022,22,3,20,22
2/17/2022,12,2,25,25
2/18/2022,14,5,25,25
2/19/2022,17,3,22,22
2/20/2022,14,4,26,26
2/21/2022,7,3,22,22
2/22/2022,21,7,26,26
2/23/2022,32,6,28,32
2/24/2022,21,7,27,27
2/25/2022,30,5,27,30
2/26/2022,23,4,25,25
2/27/2022,16,6,26,26
2/28/2022,18,5,25,25
1/3/2022,12,3,23,23
1/4/2022,11,13,22,22
1/5/2022,19,3,25,25
1/6/2022,17,4,25,25
1/7/2022,19,5,20,20
1/8/2022,20,11,13,20
1/9/2022,53,9,18,53
1/10/2022,38,7,22,38
1/11/2022,27,4,26,27
1/12/2022,18,2,31,31
1/13/2022,5,4,31,31
1/14/2022,14,4,27,27
1/15/2022,14,4,26,26
1/16/2022,8,4,25,25
1/17/2022,21,4,25,25
1/18/2022,14,5,0,14
1/19/2022,11,0,0,11
1/29/2022,2,3,23,23
1/30/2022,18,5,21,21
1/31/2022,26,9,15,26
10/1/2021,40,14,23,40
10/2/2021,38,15,25,38
10/3/2021,49,19,26,49
10/4/2021,48,18,26,48
10/5/2021,50,18,22,50
10/6/2021,45,20,24,45
10/7/2021,51,16,25,51
10/8/2021,42,10,30,42
10/9/2021,36,11,25,36
10/10/2021,37,14,29,37
10/11/2021,40,7,25,40
10/12/2021,23,6,14,23
10/13/2021,19,5,27,27
10/14/2021,10,4,28,28
10/15/2021,8,3,26,26
10/16/2021,8,2,27,27
10/17/2021,8,4,24,24
10/18/2021,11,6,23,23
10/19/2021,10,5,23,23
10/20/2021,6,5,27,27
10/21/2021,12,2,28,28
10/22/2021,11,3,21,21
10/23/2021,16,5,21,21
10/24/2021,16,8,28,28
10/25/2021,22,10,25,25
10/26/2021,32,4,20,32
10/27/2021,11,4,20,20
10/28/2021,16,10,22,22
10/29/2021,35,18,25,35
10/30/2021,63,22,22,63
10/31/2021,71,19,19,71
11/1/2021,62,18,20,62
11/2/2021,59,12,22,59
11/3/2021,46,5,21,46
11/4/2021,20,5,19,20
11/5/2021,19,2,17,19
11/6/2021,10,2,20,20
11/7/2021,7,8,21,21
11/8/2021,23,13,23,23
11/9/2021,16,3,19,19
11/10/2021,10,4,25,25
11/11/2021,8,7,24,24
11/12/2021,13,7,22,22
11/13/2021,14,12,15,15
11/14/2021,21,7,17,21
11/15/2021,13,7,22,22
11/16/2021,16,6,21,21
11/17/2021,23,3,21,23
11/18/2021,10,5,19,19
11/19/2021,7,3,27,27
11/20/2021,9,5,23,23
11/21/2021,12,15,21,21
11/22/2021,20,5,26,26
11/23/2021,16,3,25,25
11/24/2021,12,3,22,22
11/25/2021,7,4,19,19
11/26/2021,12,4,19,19
11/27/2021,14,7,19,19
11/28/2021,14,12,19,19
11/29/2021,18,5,18,18
11/30/2021,10,12,21,21
12/1/2021,23,8,19,23
12/2/2021,21,10,19,21
12/3/2021,25,5,24,25
12/4/2021,20,8,21,21
12/5/2021,21,5,19,21
12/6/2021,20,20,10,20
12/7/2021,41,19,2,41
12/8/2021,44,8,17,44
12/9/2021,30,6,18,30
12/10/2021,20,5,12,20
12/11/2021,24,4,5,24
12/12/2021,18,5,13,18
12/13/2021,23,3,18,23
12/14/2021,13,2,21,21
12/15/2021,8,3,21,21
12/16/2021,12,4,20,20
12/17/2021,15,1,25,25
12/18/2021,5,3,26,26
12/19/2021,11,28,20,28
12/20/2021,37,19,20,37
12/21/2021,25,15,12,25
12/22/2021,24,2,23,24
12/23/2021,4,2,26,26
12/24/2021,10,3,20,20
12/25/2021,15,4,18,18
12/26/2021,24,9,11,24
12/27/2021,39,8,25,39
12/28/2021,30,6,22,30
12/29/2021,25,8,19,25
12/30/2021,39,5,15,39
12/31/2021,24,7,21,24
1/1/2022,31,2,25,31
1/2/2022,8,3,21,21
7/1/2021,33,7,24,33
7/2/2021,22,9,26,26
7/3/2021,25,11,39,39
7/4/2021,29,13,34,34
7/5/2021,36,20,33,36
7/6/2021,38,15,99,99
7/7/2021,43,15,39,43
7/8/2021,37,9,29,37
7/9/2021,19,16,39,39
7/10/2021,47,11,34,47
7/11/2021,28,10,33,33
7/12/2021,23,13,35,35
7/13/2021,23,18,33,33
7/14/2021,31,20,43,43
7/15/2021,38,11,36,38
7/16/2021,28,10,26,28
7/17/2021,19,15,29,29
7/18/2021,32,5,21,32
7/19/2021,7,13,21,21
7/20/2021,16,5,21,21
7/21/2021,9,14,24,24
7/22/2021,13,8,22,22
7/23/2021,17,9,23,23
7/24/2021,15,13,26,26
7/25/2021,33,20,26,33
7/26/2021,38,23,31,38
7/27/2021,34,15,42,42
7/28/2021,43,11,40,43
7/29/2021,33,7,33,33
7/30/2021,14,5,30,30
7/31/2021,19,6,32,32
8/1/2021,21,8,27,27
8/2/2021,17,6,22,22
8/3/2021,15,9,24,24
8/4/2021,14,11,25,25
8/5/2021,15,11,29,29
8/6/2021,22,7,25,25
8/7/2021,19,7,33,33
8/8/2021,18,9,27,27
8/9/2021,24,9,30,30
8/10/2021,22,11,29,29
8/11/2021,23,16,31,31
8/12/2021,31,14,32,32
8/13/2021,27,8,33,33
8/14/2021,21,7,26,26
8/15/2021,15,10,23,23
8/16/2021,18,9,34,34
8/17/2021,25,8,25,25
8/18/2021,15,5,25,25
8/19/2021,14,7,24,24
8/20/2021,14,5,28,28
8/21/2021,17,3,16,17
8/22/2021,9,4,28,28
8/23/2021,11,7,21,21
8/24/2021,16,5,21,21
8/25/2021,9,7,22,22
8/26/2021,25,8,12,25
8/27/2021,21,12,21,21
8/28/2021,36,9,25,36
8/29/2021,28,11,22,28
8/30/2021,28,14,26,28
8/31/2021,30,7,22,30
9/1/2021,9,6,24,24
9/2/2021,7,5,23,23
9/3/2021,12,3,25,25
9/4/2021,11,3,24,24
9/5/2021,11,9,24,24
9/6/2021,15,13,29,29
9/7/2021,21,10,24,24
9/8/2021,27,11,24,27
9/9/2021,26,10,21,26
9/10/2021,16,9,15,16
9/11/2021,27,6,30,30
9/12/2021,30,4,25,30
9/13/2021,8,6,26,26
9/14/2021,9,7,18,18
9/15/2021,16,9,19,19
9/16/2021,23,8,18,23
9/17/2021,16,5,18,18
9/18/2021,17,5,21,21
9/19/2021,20,7,20,20
9/20/2021,14,9,16,16
9/21/2021,18,13,19,19
9/22/2021,21,25,23,25
9/23/2021,20,6,14,20
9/24/2021,18,3,18,18
9/25/2021,13,5,16,16
9/26/2021,15,14,14,15
9/27/2021,26,13,20,26
9/28/2021,29,23,12,29
9/29/2021,34,18,20,34
9/30/2021,27,14,17,27
4/1/2021,11,9,29,29
4/2/2021,12,9,32,32
4/3/2021,12,18,37,37
4/4/2021,9,9,32,32
4/5/2021,14,9,30,30
4/6/2021,14,15,27,27
4/7/2021,24,10,32,32
4/8/2021,13,8,31,31
4/9/2021,16,9,33,33
4/10/2021,27,10,30,30
4/11/2021,25,26,32,32
4/12/2021,43,17,34,43
4/13/2021,27,13,31,31
4/14/2021,17,19,33,33
4/15/2021,20,20,31,31
4/16/2021,16,12,34,34
4/17/2021,15,9,33,33
4/18/2021,19,15,30,30
4/19/2021,19,19,36,36
4/20/2021,23,22,36,36
4/21/2021,44,17,31,44
4/22/2021,33,4,30,33
4/23/2021,11,2,21,21
4/24/2021,9,2,24,24
4/25/2021,10,6,22,22
4/26/2021,23,8,26,26
4/27/2021,21,7,34,34
4/28/2021,15,9,34,34
4/29/2021,13,12,32,32
4/30/2021,18,5,35,35
5/1/2021,13,5,30,30
5/2/2021,16,12,31,31
5/3/2021,19,11,28,28
5/4/2021,19,9,25,25
5/5/2021,13,6,29,29
5/6/2021,16,5,28,28
5/7/2021,13,5,33,33
5/8/2021,17,7,35,35
5/9/2021,21,14,31,31
5/10/2021,34,22,37,37
5/11/2021,41,20,44,44
5/12/2021,37,27,53,53
5/13/2021,68,13,37,68
5/14/2021,28,12,36,36
5/15/2021,37,5,37,37
5/16/2021,14,15,30,30
5/17/2021,35,9,28,35
5/18/2021,26,10,25,26
5/19/2021,26,7,28,28
5/20/2021,10,6,30,30
5/21/2021,9,10,37,37
5/22/2021,21,8,34,34
5/23/2021,23,19,24,24
5/24/2021,22,15,25,25
5/25/2021,18,7,32,32
5/26/2021,11,12,25,25
5/27/2021,24,14,25,25
5/28/2021,16,6,30,30
5/29/2021,17,7,28,28
5/30/2021,18,15,28,28
5/31/2021,22,14,36,36
6/1/2021,28,26,30,30
6/2/2021,36,18,28,36
6/3/2021,26,12,37,37
6/4/2021,31,16,33,33
6/5/2021,33,13,31,33
6/6/2021,34,15,31,34
6/7/2021,34,12,26,34
6/8/2021,30,15,27,30
6/9/2021,25,17,38,38
6/10/2021,28,19,35,35
6/11/2021,37,11,39,39
6/12/2021,25,3,33,33
6/13/2021,9,9,25,25
6/14/2021,13,9,30,30
6/15/2021,17,9,26,26
6/16/2021,18,15,25,25
6/17/2021,30,19,50,50
6/18/2021,35,17,51,51
6/19/2021,43,20,49,49
6/20/2021,54,29,43,54
6/21/2021,56,37,42,56
6/22/2021,57,33,41,57
6/23/2021,57,9,34,57
6/24/2021,36,7,39,39
6/25/2021,29,8,30,30
6/26/2021,38,6,24,38
6/27/2021,30,7,29,30
6/28/2021,18,9,29,29
6/29/2021,19,16,29,29
6/30/2021,35,12,27,35
1/4/2021,36,4,10,36
1/5/2021,22,4,12,22
1/6/2021,19,4,13,19
1/7/2021,20,5,11,20
1/8/2021,25,5,17,25
1/9/2021,26,5,20,26
1/10/2021,25,5,20,25
1/11/2021,22,5,18,22
1/12/2021,25,8,15,25
1/13/2021,44,8,16,44
1/14/2021,36,10,18,36
1/15/2021,31,9,16,31
1/16/2021,41,5,14,41
1/17/2021,26,7,20,26
1/18/2021,23,5,22,23
1/19/2021,23,7,21,23
1/20/2021,34,9,21,34
1/21/2021,44,15,15,44
1/22/2021,60,10,19,60
1/23/2021,38,9,17,38
1/24/2021,41,4,18,41
1/25/2021,23,4,18,23
1/26/2021,21,4,10,21
1/27/2021,19,4,10,19
1/28/2021,23,4,13,23
1/29/2021,19,3,15,19
1/30/2021,19,5,15,19
1/31/2021,27,7,15,27
2/1/2021,31,5,25,31
2/2/2021,22,6,21,22
2/3/2021,29,8,17,29
2/4/2021,30,11,23,30
2/5/2021,37,6,25,37
2/6/2021,27,4,25,27
2/7/2021,17,5,26,26
2/8/2021,16,5,27,27
2/9/2021,19,12,20,20
2/10/2021,42,12,19,42
2/11/2021,35,10,20,35
2/12/2021,35,3,28,35
2/13/2021,15,3,29,29
2/14/2021,13,5,26,26
2/15/2021,9,5,25,25
2/16/2021,20,10,21,21
2/17/2021,26,13,26,26
2/18/2021,33,7,25,33
2/19/2021,31,11,24,31
2/20/2021,50,5,21,50
2/21/2021,25,11,21,25
2/22/2021,50,7,19,50
2/23/2021,35,11,17,35
2/24/2021,43,3,19,43
2/25/2021,14,4,24,24
2/26/2021,17,2,29,29
2/27/2021,11,2,29,29
2/28/2021,11,4,29,29
3/1/2021,13,6,29,29
3/2/2021,15,7,28,28
3/3/2021,11,8,29,29
3/4/2021,11,25,27,27
3/5/2021,22,5,31,31
3/6/2021,9,5,34,34
3/7/2021,16,11,29,29
3/8/2021,26,10,26,26
3/9/2021,29,6,31,31
3/10/2021,23,7,33,33
3/11/2021,26,9,30,30
3/12/2021,42,8,22,42
3/13/2021,29,3,22,29
3/14/2021,16,3,20,20
3/15/2021,18,4,20,20
3/16/2021,20,5,21,21
3/17/2021,26,9,26,26
3/18/2021,20,21,25,25
3/19/2021,22,10,24,24
3/20/2021,12,4,33,33
3/21/2021,10,25,32,32
3/22/2021,22,17,24,24
3/23/2021,23,5,27,27
3/24/2021,15,10,26,26
3/25/2021,28,7,25,28
3/26/2021,24,13,29,29
3/27/2021,31,10,33,33
3/28/2021,32,8,30,32
3/29/2021,22,6,19,22
3/30/2021,13,11,32,32
3/31/2021,12,15,33,33
10/1/2020,41,36,21,41
10/2/2020,56,26,21,56
10/3/2020,55,25,21,55
10/4/2020,60,19,26,60
10/5/2020,39,19,17,39
10/6/2020,44,10,14,44
10/7/2020,27,11,18,27
10/8/2020,32,8,21,32
10/9/2020,20,6,23,23
10/10/2020,14,5,23,23
10/11/2020,12,6,26,26
10/12/2020,12,6,18,18
10/13/2020,12,6,13,13
10/14/2020,19,6,15,19
10/15/2020,13,7,19,19
10/16/2020,13,4,24,24
10/17/2020,10,3,23,23
10/18/2020,6,4,20,20
10/19/2020,12,5,14,14
10/20/2020,17,6,18,18
10/21/2020,17,8,11,17
10/22/2020,25,2,19,25
10/23/2020,10,5,19,19
10/24/2020,12,5,17,17
10/25/2020,16,9,13,16
10/26/2020,32,12,14,32
10/27/2020,44,7,25,44
10/28/2020,19,8,16,19
10/29/2020,22,9,13,22
10/30/2020,31,8,11,31
10/31/2020,27,5,16,27
11/1/2020,18,10,17,18
11/2/2020,15,6,25,25
11/3/2020,17,4,22,22
11/4/2020,11,5,21,21
11/5/2020,10,8,21,21
11/6/2020,20,3,20,20
11/7/2020,10,7,22,22
11/8/2020,17,6,20,20
11/9/2020,14,10,15,15
11/10/2020,20,8,16,20
11/11/2020,25,9,23,25
11/12/2020,20,13,19,20
11/13/2020,38,11,13,38
11/14/2020,38,10,12,38
11/15/2020,36,11,11,36
11/16/2020,38,4,9,38
11/17/2020,18,3,20,20
11/18/2020,8,5,25,25
11/19/2020,14,3,24,24
11/20/2020,15,3,25,25
11/21/2020,11,5,24,24
11/22/2020,11,4,22,22
11/23/2020,12,8,20,20
11/24/2020,15,6,20,20
11/25/2020,17,4,19,19
11/26/2020,14,7,18,18
11/27/2020,17,7,13,17
11/28/2020,20,5,9,20
11/29/2020,25,4,8,25
11/30/2020,19,4,19,19
12/1/2020,17,11,15,17
12/2/2020,40,8,16,40
12/3/2020,19,8,12,19
12/4/2020,32,9,12,32
12/5/2020,45,12,18,45
12/6/2020,46,13,22,46
12/7/2020,23,13,23,23
12/8/2020,24,16,22,24
12/9/2020,33,18,19,33
12/10/2020,33,13,19,33
12/11/2020,36,7,17,36
12/12/2020,32,9,26,32
12/13/2020,28,15,24,28
12/14/2020,30,9,13,30
12/15/2020,36,4,15,36
12/16/2020,18,5,16,18
12/17/2020,12,2,17,17
12/18/2020,10,3,12,12
12/19/2020,14,7,19,19
12/20/2020,32,4,13,32
12/21/2020,20,5,12,20
12/22/2020,20,3,22,22
12/23/2020,14,2,20,20
12/24/2020,9,3,13,13
12/25/2020,13,6,16,16
12/26/2020,15,4,21,21
12/27/2020,16,6,19,19
12/28/2020,20,3,17,20
12/29/2020,14,5,16,16
12/30/2020,24,6,13,24
12/31/2020,27,11,16,27
1/1/2021,45,3,16,45
1/2/2021,16,3,13,16
1/3/2021,17,7,5,17
7/1/2020,17,6,23,23
7/2/2020,17,5,27,27
7/3/2020,16,6,31,31
7/4/2020,18,4,25,25
7/5/2020,15,6,27,27
7/6/2020,16,6,23,23
7/7/2020,18,5,23,23
7/8/2020,15,4,24,24
7/9/2020,7,5,25,25
7/10/2020,14,5,22,22
7/11/2020,17,5,27,27
7/12/2020,14,6,23,23
7/13/2020,15,4,23,23
7/14/2020,12,6,26,26
7/15/2020,17,9,22,22
7/16/2020,23,11,31,31
7/17/2020,30,8,36,36
7/18/2020,29,8,35,35
7/19/2020,26,12,29,29
7/20/2020,29,8,28,29
7/21/2020,19,4,19,19
7/22/2020,7,3,17,17
7/23/2020,8,6,23,23
7/24/2020,13,4,23,23
7/25/2020,14,6,22,22
7/26/2020,17,9,39,39
7/27/2020,28,10,24,28
7/28/2020,35,6,20,35
7/29/2020,21,5,21,21
7/30/2020,12,6,18,18
7/31/2020,20,5,24,24
8/1/2020,15,5,23,23
8/2/2020,14,6,22,22
8/3/2020,18,7,19,19
8/4/2020,15,6,25,25
8/5/2020,14,10,29,29
8/6/2020,25,9,23,25
8/7/2020,30,8,38,38
8/8/2020,23,13,34,34
8/9/2020,34,9,19,34
8/10/2020,14,7,18,18
8/11/2020,13,9,22,22
8/12/2020,16,7,23,23
8/13/2020,16,10,26,26
8/14/2020,25,9,27,27
8/15/2020,29,7,25,29
8/16/2020,25,11,23,25
8/17/2020,19,14,22,22
8/18/2020,27,10,34,34
8/19/2020,25,14,32,32
8/20/2020,37,14,29,37
8/21/2020,36,13,22,36
8/22/2020,38,9,28,38
8/23/2020,24,4,25,25
8/24/2020,12,5,25,25
8/25/2020,12,6,25,25
8/26/2020,11,8,19,19
8/27/2020,16,7,19,19
8/28/2020,14,6,22,22
8/29/2020,17,5,19,19
8/30/2020,16,4,13,16
8/31/2020,14,8,18,18
9/1/2020,25,11,17,25
9/2/2020,26,11,13,26
9/3/2020,26,7,29,29
9/4/2020,22,5,26,26
9/5/2020,14,5,24,24
9/6/2020,13,4,26,26
9/7/2020,10,5,20,20
9/8/2020,9,5,18,18
9/9/2020,13,5,20,20
9/10/2020,13,5,21,21
9/11/2020,13,8,34,34
9/12/2020,22,6,25,25
9/13/2020,16,7,18,18
9/14/2020,19,6,17,19
9/15/2020,16,6,22,22
9/16/2020,16,4,21,21
9/17/2020,14,5,18,18
9/18/2020,16,3,19,19
9/19/2020,15,6,22,22
9/20/2020,14,6,21,21
9/21/2020,16,6,23,23
9/22/2020,20,20,25,25
9/23/2020,54,27,25,54
9/24/2020,64,24,21,64
9/25/2020,60,33,26,60
9/26/2020,67,25,28,67
9/27/2020,56,35,17,56
9/28/2020,55,19,10,55
9/29/2020,44,8,13,44
9/30/2020,23,20,14,23
4/1/2020,12,8,33,33
4/2/2020,15,5,35,35
4/3/2020,16,6,31,31
4/4/2020,16,6,29,29
4/5/2020,15,11,34,34
4/6/2020,28,19,39,39
4/7/2020,47,11,28,47
4/8/2020,22,8,29,29
4/9/2020,16,5,30,30
4/10/2020,11,6,31,31
4/11/2020,11,6,31,31
4/12/2020,15,6,31,31
4/13/2020,14,3,26,26
4/14/2020,12,3,28,28
4/15/2020,9,5,28,28
4/16/2020,17,7,28,28
4/17/2020,10,5,29,29
4/18/2020,10,7,29,29
4/19/2020,23,12,29,29
4/20/2020,18,12,33,33
4/21/2020,15,13,32,32
4/22/2020,16,13,33,33
4/23/2020,15,9,31,31
4/24/2020,9,6,33,33
4/25/2020,14,6,33,33
4/26/2020,16,8,26,26
4/27/2020,14,9,28,28
4/28/2020,12,6,22,22
4/29/2020,23,7,28,28
4/30/2020,19,9,30,30
5/1/2020,21,10,33,33
5/2/2020,29,5,33,33
5/3/2020,21,5,29,29
5/4/2020,15,8,31,31
5/5/2020,19,8,33,33
5/6/2020,10,8,32,32
5/7/2020,14,8,31,31
5/8/2020,13,7,34,34
5/9/2020,20,7,32,32
5/10/2020,16,5,31,31
5/11/2020,16,4,27,27
5/12/2020,11,5,30,30
5/13/2020,12,5,30,30
5/14/2020,14,4,27,27
5/15/2020,10,3,30,30
5/16/2020,10,3,24,24
5/17/2020,10,5,27,27
5/18/2020,17,5,27,27
5/19/2020,13,7,26,26
5/20/2020,16,8,30,30
5/21/2020,25,7,28,28
5/22/2020,20,7,31,31
5/23/2020,20,9,29,29
5/24/2020,25,14,32,32
5/25/2020,30,14,34,34
5/26/2020,24,12,32,32
5/27/2020,24,7,24,24
5/28/2020,17,6,26,26
5/29/2020,10,9,26,26
5/30/2020,15,7,25,25
5/31/2020,16,9,24,24
6/1/2020,18,10,27,27
6/2/2020,14,14,31,31
6/3/2020,20,16,22,22
6/4/2020,29,6,23,29
6/5/2020,22,7,31,31
6/6/2020,18,8,32,32
6/7/2020,24,11,23,24
6/8/2020,34,8,28,34
6/9/2020,23,13,27,27
6/10/2020,35,9,25,35
6/11/2020,21,9,26,26
6/12/2020,16,7,28,28
6/13/2020,19,7,29,29
6/14/2020,19,17,48,48
6/15/2020,31,18,32,32
6/16/2020,44,12,40,44
6/17/2020,36,10,32,36
6/18/2020,36,6,31,36
6/19/2020,22,6,25,25
6/20/2020,17,4,23,23
6/21/2020,10,8,24,24
6/22/2020,16,11,32,32
6/23/2020,25,17,28,28
6/24/2020,41,10,36,41
6/25/2020,25,11,37,37
6/26/2020,27,11,44,44
6/27/2020,29,12,28,29
6/28/2020,34,12,28,34
6/29/2020,16,5,32,32
6/30/2020,22,6,26,26
1/1/2020,18,7,23,23
1/2/2020,26,7,29,29
1/3/2020,21,4,30,30
1/4/2020,13,16,24,24
1/5/2020,23,3,26,26
1/6/2020,12,2,23,23
1/7/2020,8,6,22,22
1/8/2020,18,5,25,25
1/9/2020,19,16,16,23
1/10/2020,37,9,26,37
1/11/2020,22,3,25,25
1/12/2020,10,4,25,25
1/13/2020,16,6,25,25
1/14/2020,15,6,22,22
1/15/2020,22,8,27,27
1/16/2020,24,10,20,24
1/17/2020,26,9,20,26
1/18/2020,38,4,26,38
1/19/2020,13,6,27,27
1/20/2020,9,10,30,30
1/21/2020,12,6,30,30
1/22/2020,17,4,27,27
1/23/2020,9,4,23,23
1/24/2020,13,4,29,29
1/25/2020,15,4,26,26
1/26/2020,15,10,23,23
1/27/2020,13,4,18,18
1/28/2020,13,8,18,18
1/29/2020,29,6,15,29
1/30/2020,30,15,14,30
1/31/2020,33,4,16,33
2/1/2020,14,4,22,22
2/2/2020,9,7,26,26
2/3/2020,14,22,25,25
2/4/2020,21,9,24,24
2/5/2020,11,14,26,26
2/6/2020,17,10,23,23
2/7/2020,15,3,22,22
2/8/2020,12,8,23,23
2/9/2020,34,8,30,34
2/10/2020,25,7,29,29
2/11/2020,18,7,29,29
2/12/2020,16,9,26,26
2/13/2020,17,9,18,18
2/14/2020,21,5,23,23
2/15/2020,16,9,22,22
2/16/2020,33,8,30,33
2/17/2020,18,11,28,28
2/18/2020,24,12,26,26
2/19/2020,22,8,23,23
2/20/2020,17,7,26,26
2/21/2020,21,5,32,32
2/22/2020,12,6,29,29
2/23/2020,13,12,28,28
2/24/2020,17,14,24,24
2/25/2020,14,22,27,27
2/26/2020,15,21,24,24
2/27/2020,16,23,22,23
2/28/2020,20,16,26,26
2/29/2020,20,5,29,29
3/1/2020,15,9,26,26
3/2/2020,25,9,21,25
3/3/2020,38,5,20,38
3/4/2020,19,3,29,29
3/5/2020,10,7,23,23
3/6/2020,13,8,21,21
3/7/2020,23,11,28,28
3/8/2020,32,10,26,32
3/9/2020,29,7,27,29
3/10/2020,29,5,22,29
3/11/2020,17,6,26,26
3/12/2020,11,6,29,29
3/13/2020,16,10,27,27
3/14/2020,15,9,32,32
3/15/2020,11,13,28,28
3/16/2020,29,13,27,29
3/17/2020,17,6,25,25
3/18/2020,19,6,27,27
3/19/2020,12,10,24,24
3/20/2020,18,10,26,26
3/21/2020,20,7,29,29
3/22/2020,15,8,30,30
3/23/2020,12,10,34,34
3/24/2020,19,15,38,38
3/25/2020,40,15,37,40
3/26/2020,49,16,35,49
3/27/2020,44,14,34,44
3/28/2020,36,4,29,36
3/29/2020,10,0,0,10
10/1/2019,7,6,22,22
10/2/2019,19,5,13,19
10/3/2019,14,6,16,16
10/4/2019,17,5,18,18
10/5/2019,18,4,18,18
10/6/2019,11,6,17,17
10/7/2019,13,7,15,15
10/8/2019,13,10,13,13
10/9/2019,19,11,9,19
10/10/2019,26,4,22,26
10/11/2019,11,3,21,21
10/12/2019,11,4,19,19
10/13/2019,16,5,12,16
10/14/2019,16,7,15,16
10/15/2019,17,7,13,17
10/16/2019,18,5,7,18
10/17/2019,16,9,5,16
10/18/2019,23,6,26,26
10/19/2019,24,7,22,24
10/20/2019,19,4,18,19
10/21/2019,11,5,22,22
10/22/2019,11,9,23,23
10/23/2019,21,10,25,25
10/24/2019,22,11,22,22
10/25/2019,35,3,26,35
10/26/2019,10,3,20,20
10/27/2019,13,7,14,14
10/28/2019,19,5,16,19
10/29/2019,18,8,18,18
10/30/2019,14,4,24,24
10/31/2019,10,7,20,20
11/1/2019,16,7,24,24
11/2/2019,22,6,16,22
11/3/2019,30,10,19,30
11/4/2019,14,17,22,22
11/5/2019,17,21,22,22
11/6/2019,22,6,17,22
11/7/2019,19,10,12,19
11/8/2019,29,5,14,29
11/9/2019,26,5,10,26
11/10/2019,20,3,6,20
11/11/2019,9,9,16,16
11/12/2019,17,7,15,17
11/13/2019,25,12,14,25
11/14/2019,47,20,19,47
11/15/2019,26,10,13,26
11/16/2019,22,9,17,22
11/17/2019,33,12,17,33
11/18/2019,34,13,15,34
11/19/2019,41,11,12,41
11/20/2019,31,9,18,31
11/21/2019,19,11,16,19
11/22/2019,28,11,15,28
11/23/2019,25,15,11,25
11/24/2019,37,31,9,37
11/25/2019,46,16,16,46
11/26/2019,40,5,12,40
11/27/2019,21,7,5,21
11/28/2019,34,8,13,34
11/29/2019,34,4,25,34
11/30/2019,15,2,26,26
12/1/2019,7,4,23,23
12/2/2019,13,4,25,25
12/3/2019,10,3,25,25
12/4/2019,11,5,25,25
12/5/2019,16,4,26,26
12/6/2019,14,1,21,21
12/7/2019,5,3,27,27
12/8/2019,10,6,31,31
12/9/2019,21,7,21,21
12/10/2019,23,5,23,23
12/11/2019,13,6,20,20
12/12/2019,19,10,16,19
12/13/2019,42,6,20,42
12/14/2019,29,3,14,29
12/15/2019,17,5,25,25
12/16/2019,17,8,26,26
12/17/2019,15,4,22,22
12/18/2019,17,5,23,23
12/19/2019,18,6,20,20
12/20/2019,16,8,13,16
12/21/2019,33,10,11,33
12/22/2019,44,12,17,44
12/23/2019,22,5,16,22
12/24/2019,19,2,16,19
12/25/2019,11,5,15,15
12/26/2019,12,7,22,22
12/27/2019,23,12,26,26
12/28/2019,26,6,24,26
12/29/2019,13,0,0,13
7/1/2019,33,5,25,33
7/2/2019,15,4,23,23
7/3/2019,10,4,25,25
7/4/2019,11,5,26,26
7/5/2019,11,5,20,20
7/6/2019,18,6,21,21
7/7/2019,22,15,24,24
7/8/2019,29,7,9,29
7/9/2019,16,9,20,20
7/10/2019,22,9,19,22
7/11/2019,17,7,25,25
7/12/2019,18,6,28,28
7/13/2019,19,4,21,21
7/14/2019,15,6,22,22
7/15/2019,19,9,25,25
7/16/2019,25,12,27,27
7/17/2019,33,9,29,33
7/18/2019,24,9,26,26
7/19/2019,22,7,28,28
7/20/2019,25,9,29,29
7/21/2019,34,10,27,34
7/22/2019,32,12,40,40
7/23/2019,35,11,32,35
7/24/2019,31,11,24,31
7/25/2019,25,15,40,40
7/26/2019,39,14,37,39
7/27/2019,45,15,27,45
7/28/2019,46,6,26,46
7/29/2019,10,14,23,23
7/30/2019,15,12,23,23
7/31/2019,21,12,23,23
8/1/2019,25,12,25,25
8/2/2019,21,6,24,24
8/3/2019,15,5,24,24
8/4/2019,12,9,25,25
8/5/2019,17,11,29,29
8/6/2019,28,8,30,30
8/7/2019,24,11,26,26
8/8/2019,30,11,28,30
8/9/2019,32,9,26,32
8/10/2019,32,9,26,32
8/11/2019,28,10,29,29
8/12/2019,28,9,32,32
8/13/2019,27,7,30,30
8/14/2019,17,6,28,28
8/15/2019,15,8,34,34
8/16/2019,23,12,30,30
8/17/2019,32,9,31,32
8/18/2019,22,9,29,29
8/19/2019,25,10,29,29
8/20/2019,27,10,31,31
8/21/2019,26,7,27,27
8/22/2019,20,7,37,37
8/23/2019,20,4,25,25
8/24/2019,17,6,23,23
8/25/2019,21,9,22,22
8/26/2019,25,14,21,25
8/27/2019,41,13,30,41
8/28/2019,35,13,24,35
8/29/2019,24,13,30,30
8/30/2019,33,5,29,33
8/31/2019,15,9,26,26
9/1/2019,24,12,23,24
9/2/2019,29,4,27,29
9/3/2019,10,7,28,28
9/4/2019,14,9,29,29
9/5/2019,19,5,26,26
9/6/2019,13,5,23,23
9/7/2019,16,7,21,21
9/8/2019,18,13,20,20
9/9/2019,37,20,32,37
9/10/2019,52,12,30,52
9/11/2019,28,7,29,29
9/12/2019,17,5,20,20
9/13/2019,11,3,24,24
9/14/2019,8,3,26,26
9/15/2019,6,4,21,21
9/16/2019,10,5,16,16
9/17/2019,15,7,15,15
9/18/2019,19,7,18,19
9/19/2019,18,4,22,22
9/20/2019,9,3,19,19
9/21/2019,8,2,21,21
9/22/2019,10,5,19,19
9/23/2019,12,6,17,17
9/24/2019,15,6,13,15
9/25/2019,18,9,18,18
9/26/2019,21,10,14,21
9/27/2019,22,7,27,27
9/28/2019,17,6,25,25
9/29/2019,20,5,20,20
9/30/2019,13,3,24,24
4/1/2019,15,13,31,31
4/2/2019,16,23,33,33
4/3/2019,26,36,33,36
4/4/2019,56,50,41,56
4/5/2019,66,23,39,66
4/6/2019,43,25,43,43
4/7/2019,57,13,36,57
4/8/2019,40,10,25,40
4/9/2019,34,11,26,34
4/10/2019,18,16,26,26
4/11/2019,23,18,30,30
4/12/2019,21,12,35,35
4/13/2019,17,12,36,36
4/14/2019,19,21,34,34
4/15/2019,23,29,35,35
4/16/2019,29,29,31,31
4/17/2019,40,29,32,40
4/18/2019,35,20,46,46
4/19/2019,29,12,41,41
4/20/2019,29,12,39,39
4/21/2019,35,17,41,41
4/22/2019,43,34,45,45
4/23/2019,53,44,46,53
4/24/2019,65,48,47,65
4/25/2019,66,35,37,66
4/26/2019,59,25,44,59
4/27/2019,53,14,33,53
4/28/2019,22,15,26,26
4/29/2019,23,16,35,35
4/30/2019,26,18,41,41
5/1/2019,28,6,30,30
5/2/2019,15,7,25,25
5/3/2019,17,5,28,28
5/4/2019,20,5,32,32
5/5/2019,18,9,30,30
5/6/2019,20,11,32,32
5/7/2019,22,11,28,28
5/8/2019,20,20,38,38
5/9/2019,21,15,33,33
5/10/2019,25,8,19,25
5/11/2019,26,7,33,33
5/12/2019,25,6,25,25
5/13/2019,15,11,30,30
5/14/2019,15,10,29,29
5/15/2019,15,13,33,33
5/16/2019,22,13,36,36
5/17/2019,22,12,38,38
5/18/2019,26,13,35,35
5/19/2019,26,27,31,31
5/20/2019,43,26,41,43
5/21/2019,51,26,31,51
5/22/2019,56,18,25,56
5/23/2019,29,13,22,29
5/24/2019,20,5,30,30
5/25/2019,17,3,30,30
5/26/2019,9,5,24,24
5/27/2019,15,8,23,23
5/28/2019,22,9,31,31
5/29/2019,20,7,30,30
5/30/2019,15,8,30,30
5/31/2019,14,8,27,27
6/1/2019,21,4,30,30
6/2/2019,15,9,29,29
6/3/2019,16,13,40,40
6/4/2019,34,20,42,42
6/5/2019,47,27,43,47
6/6/2019,54,22,34,54
6/7/2019,51,17,38,51
6/8/2019,48,10,38,48
6/9/2019,30,9,37,37
6/10/2019,20,10,33,33
6/11/2019,23,25,25,25
6/12/2019,14,23,22,23
6/13/2019,16,15,16,16
6/14/2019,39,7,25,39
6/15/2019,26,6,41,41
6/16/2019,22,12,36,36
6/17/2019,27,12,30,30
6/18/2019,25,11,40,40
6/19/2019,28,15,40,40
6/20/2019,36,11,45,45
6/21/2019,37,5,30,37
6/22/2019,16,5,29,29
6/23/2019,14,7,30,30
6/24/2019,14,10,29,29
6/25/2019,15,6,28,28
6/26/2019,14,7,25,25
6/27/2019,20,6,29,29
6/28/2019,10,5,29,29
6/29/2019,11,3,27,27
6/30/2019,11,12,36,36
1/1/2019,10,6,28,28
1/2/2019,20,7,27,27
1/3/2019,23,3,25,25
1/4/2019,11,4,23,23
1/5/2019,20,2,27,27
1/6/2019,13,3,24,24
1/7/2019,11,5,20,20
1/8/2019,19,7,27,27
1/9/2019,33,2,28,33
1/10/2019,13,2,29,29
1/11/2019,10,3,28,28
1/12/2019,12,3,25,25
1/13/2019,11,3,19,19
1/14/2019,14,4,18,18
1/15/2019,19,4,23,23
1/16/2019,16,5,25,25
1/17/2019,23,5,21,23
1/18/2019,20,4,26,26
1/19/2019,18,3,25,25
1/20/2019,19,9,18,19
1/21/2019,31,11,17,31
1/22/2019,36,9,20,36
1/23/2019,39,5,15,39
1/24/2019,21,6,22,22
1/25/2019,26,5,21,26
1/26/2019,25,0,16,25
1/28/2019,32,11,21,32
1/29/2019,47,14,15,47
1/30/2019,52,10,15,52
1/31/2019,37,6,18,37
2/1/2019,26,7,17,26
2/2/2019,31,5,14,31
2/3/2019,23,6,21,23
2/4/2019,23,6,24,24
2/5/2019,25,6,21,25
2/6/2019,24,3,23,24
2/7/2019,10,11,26,26
2/8/2019,39,8,25,39
2/9/2019,29,8,26,29
2/10/2019,24,9,22,24
2/11/2019,34,3,29,34
2/12/2019,13,4,28,28
2/13/2019,11,4,29,29
2/14/2019,13,6,25,25
2/15/2019,18,6,24,24
2/16/2019,19,7,33,33
2/17/2019,18,7,30,30
2/18/2019,12,8,24,24
2/19/2019,31,8,30,31
2/20/2019,15,24,27,27
2/21/2019,22,27,30,30
2/22/2019,19,5,31,31
2/23/2019,13,4,35,35
2/24/2019,14,7,36,36
2/25/2019,14,4,32,32
2/26/2019,13,5,32,32
2/27/2019,9,6,34,34
2/28/2019,13,21,32,32
3/1/2019,17,8,33,33
3/2/2019,10,9,31,31
3/3/2019,12,19,26,26
3/4/2019,22,11,29,29
3/5/2019,30,11,31,31
3/6/2019,20,5,29,29
3/7/2019,17,5,24,24
3/8/2019,17,3,34,34
3/9/2019,12,4,32,32
3/10/2019,11,6,28,28
3/11/2019,20,12,26,26
3/12/2019,26,15,32,32
3/13/2019,25,8,28,28
3/14/2019,25,5,27,27
3/15/2019,20,12,27,27
3/16/2019,47,3,26,47
3/17/2019,19,7,31,31
3/18/2019,17,4,27,27
3/19/2019,17,6,28,28
3/20/2019,13,7,27,27
3/21/2019,15,23,35,35
3/22/2019,22,10,30,30
3/23/2019,14,10,37,37
3/24/2019,11,13,27,27
3/25/2019,16,24,32,32
3/26/2019,17,23,27,27
3/27/2019,20,14,29,29
3/28/2019,14,18,29,29
3/29/2019,18,14,32,32
3/30/2019,27,5,32,32
3/31/2019,13,14,33,33
10/1/2018,16,5,23,23
10/2/2018,9,6,19,19
10/3/2018,17,4,20,20
10/4/2018,14,7,19,19
10/5/2018,17,6,24,24
10/6/2018,15,6,16,16
10/7/2018,21,5,26,26
10/8/2018,12,5,24,24
10/9/2018,15,8,22,22
10/10/2018,25,10,14,25
10/11/2018,23,8,17,23
10/12/2018,27,21,24,27
10/13/2018,65,28,33,65
10/14/2018,81,21,25,81
10/15/2018,65,23,24,65
10/16/2018,65,21,24,65
10/17/2018,64,17,26,64
10/18/2018,53,5,23,53
10/19/2018,10,7,19,19
10/20/2018,20,6,28,28
10/21/2018,20,4,25,25
10/22/2018,8,3,25,25
10/23/2018,9,7,19,19
10/24/2018,24,12,11,24
10/25/2018,20,4,13,20
10/26/2018,18,5,20,20
10/27/2018,14,9,24,24
10/28/2018,27,8,20,27
10/29/2018,18,5,24,24
10/30/2018,15,7,15,15
10/31/2018,27,9,18,27
11/1/2018,24,10,13,24
11/2/2018,32,7,19,32
11/3/2018,25,5,26,26
11/4/2018,12,8,23,23
11/5/2018,17,6,9,17
11/6/2018,19,20,12,20
11/7/2018,65,11,12,65
11/8/2018,45,5,8,45
11/9/2018,16,9,9,16
11/10/2018,32,7,15,32
11/11/2018,26,9,13,26
11/12/2018,34,5,9,34
11/13/2018,17,9,17,17
11/14/2018,20,7,22,22
11/15/2018,15,9,23,23
11/16/2018,20,0,0,20
11/18/2018,13,14,28,28
11/19/2018,19,15,21,21
11/20/2018,16,18,21,21
11/21/2018,17,15,21,21
11/22/2018,15,8,20,20
11/23/2018,13,8,21,21
11/24/2018,14,6,17,17
11/25/2018,15,6,20,20
11/26/2018,16,10,19,19
11/27/2018,18,11,20,20
11/28/2018,18,5,22,22
11/29/2018,14,14,24,24
11/30/2018,23,10,26,26
12/1/2018,17,6,29,29
12/2/2018,21,10,16,21
12/3/2018,43,6,13,43
12/4/2018,24,3,23,24
12/5/2018,11,5,25,25
12/6/2018,15,5,19,19
12/7/2018,17,3,15,17
12/8/2018,13,6,23,23
12/9/2018,24,7,15,24
12/10/2018,27,9,14,27
12/11/2018,30,9,14,30
12/12/2018,33,10,15,33
12/13/2018,22,15,17,22
12/14/2018,25,10,15,25
12/15/2018,21,5,23,23
12/16/2018,17,5,22,22
12/17/2018,24,8,15,24
12/18/2018,35,8,15,35
12/19/2018,38,14,17,38
12/20/2018,49,9,15,49
12/21/2018,31,8,9,31
12/22/2018,33,8,6,33
12/23/2018,36,7,10,36
12/24/2018,33,2,24,33
12/25/2018,12,3,31,31
12/26/2018,13,5,22,22
12/27/2018,17,2,18,18
12/28/2018,11,2,23,23
12/29/2018,10,4,25,25
12/30/2018,16,0,0,16
7/1/2018,12,7,22,22
7/2/2018,18,5,13,18
7/3/2018,19,9,26,26
7/4/2018,27,7,22,27
7/5/2018,21,5,26,26
7/6/2018,18,6,27,27
7/7/2018,24,6,20,24
7/8/2018,21,8,22,22
7/9/2018,21,9,18,21
7/10/2018,25,11,22,25
7/11/2018,24,12,30,30
7/12/2018,29,12,31,31
7/13/2018,33,15,41,41
7/14/2018,45,11,39,45
7/15/2018,33,14,30,33
7/16/2018,40,15,28,40
7/17/2018,41,15,24,41
7/18/2018,37,12,22,37
7/19/2018,23,13,25,25
7/20/2018,41,11,35,41
7/21/2018,43,9,38,43
7/22/2018,39,9,40,40
7/23/2018,28,14,37,37
7/24/2018,42,15,38,42
7/25/2018,46,15,31,46
7/26/2018,49,13,33,49
7/27/2018,53,17,32,53
7/28/2018,61,15,36,61
7/29/2018,75,12,33,75
7/30/2018,42,14,36,42
7/31/2018,35,20,34,35
8/1/2018,48,18,37,48
8/2/2018,47,18,40,47
8/3/2018,33,7,31,33
8/4/2018,7,10,27,27
8/5/2018,9,8,26,26
8/6/2018,7,9,25,25
8/7/2018,11,12,25,25
8/8/2018,18,19,40,40
8/9/2018,35,22,40,40
8/10/2018,46,8,35,46
8/11/2018,16,5,32,32
8/12/2018,15,6,27,27
8/13/2018,14,8,25,25
8/14/2018,19,10,24,24
8/15/2018,24,13,26,26
8/16/2018,28,10,27,28
8/17/2018,24,10,35,35
8/18/2018,24,7,27,27
8/19/2018,15,7,16,16
8/20/2018,16,5,24,24
8/21/2018,14,5,27,27
8/22/2018,11,8,33,33
8/23/2018,18,16,30,30
8/24/2018,34,7,38,38
8/25/2018,24,6,25,25
8/26/2018,18,5,28,28
8/27/2018,12,7,24,24
8/28/2018,19,9,28,28
8/29/2018,21,9,14,21
8/30/2018,21,7,22,22
8/31/2018,19,10,21,21
9/1/2018,40,7,26,40
9/2/2018,29,10,33,33
9/3/2018,30,12,21,30
9/4/2018,37,15,24,37
9/5/2018,45,13,21,45
9/6/2018,40,19,26,40
9/7/2018,50,24,31,50
9/8/2018,53,20,28,53
9/9/2018,53,11,27,53
9/10/2018,33,7,31,33
9/11/2018,22,6,28,28
9/12/2018,12,5,24,24
9/13/2018,12,7,28,28
9/14/2018,15,6,28,28
9/15/2018,15,3,24,24
9/16/2018,10,3,22,22
9/17/2018,11,7,23,23
9/18/2018,16,13,42,42
9/19/2018,37,12,31,37
9/20/2018,28,11,29,29
9/21/2018,24,10,41,41
9/22/2018,24,5,26,26
9/23/2018,12,5,23,23
9/24/2018,11,6,26,26
9/25/2018,12,5,27,27
9/26/2018,10,6,25,25
9/27/2018,11,5,23,23
9/28/2018,15,5,27,27
9/29/2018,13,5,26,26
9/30/2018,15,8,23,23
4/1/2018,36,6,36,36
4/2/2018,27,7,40,40
4/3/2018,31,8,34,34
4/4/2018,31,12,24,31
4/5/2018,47,6,32,47
4/6/2018,16,13,35,35
4/7/2018,16,19,30,30
4/8/2018,29,29,36,36
4/9/2018,51,18,37,51
4/10/2018,21,23,32,32
4/11/2018,22,38,28,38
4/12/2018,32,41,38,41
4/13/2018,34,21,41,41
4/14/2018,35,29,37,37
4/15/2018,63,17,39,63
4/16/2018,48,13,29,48
4/17/2018,26,26,36,36
4/18/2018,42,16,42,42
4/19/2018,22,17,31,31
4/20/2018,20,11,38,38
4/21/2018,15,6,33,33
4/22/2018,17,11,32,32
4/23/2018,19,10,32,32
4/24/2018,24,6,29,29
4/25/2018,17,12,32,32
4/26/2018,17,10,27,27
4/27/2018,24,8,31,31
4/28/2018,22,7,26,26
4/29/2018,27,8,30,30
4/30/2018,22,6,30,30
5/1/2018,21,8,26,26
5/2/2018,25,10,29,29
5/3/2018,23,8,32,32
5/4/2018,21,6,31,31
5/5/2018,15,12,36,36
5/6/2018,28,17,30,30
5/7/2018,31,13,33,33
5/8/2018,21,19,35,35
5/9/2018,25,16,39,39
5/10/2018,28,17,38,38
5/11/2018,30,15,44,44
5/12/2018,32,16,45,45
5/13/2018,34,32,40,40
5/14/2018,45,41,43,45
5/15/2018,51,30,44,51
5/16/2018,45,17,44,45
5/17/2018,24,21,31,31
5/18/2018,26,0,0,26
5/20/2018,17,14,36,36
5/21/2018,20,25,39,39
5/22/2018,33,25,37,37
5/23/2018,37,18,30,37
5/24/2018,23,20,30,30
5/25/2018,23,14,29,29
5/26/2018,31,12,35,35
5/27/2018,22,18,34,34
5/28/2018,22,27,40,40
5/29/2018,30,21,38,38
5/30/2018,22,13,33,33
5/31/2018,14,14,34,34
6/1/2018,15,10,43,43
6/2/2018,21,11,37,37
6/3/2018,14,16,34,34
6/4/2018,14,23,26,26
6/5/2018,15,9,23,23
6/6/2018,35,12,28,35
6/7/2018,20,10,30,30
6/8/2018,13,7,31,31
6/9/2018,14,8,27,27
6/10/2018,19,16,35,35
6/11/2018,30,10,32,32
6/12/2018,25,9,28,28
6/13/2018,15,11,30,30
6/14/2018,23,13,37,37
6/15/2018,33,13,30,33
6/16/2018,35,14,35,35
6/17/2018,34,15,35,35
6/18/2018,29,10,33,33
6/19/2018,22,10,28,28
6/20/2018,21,7,27,27
6/21/2018,24,4,29,29
6/22/2018,14,4,26,26
6/23/2018,13,4,25,25
6/24/2018,14,8,21,21
6/25/2018,24,6,27,27
6/26/2018,19,8,29,29
6/27/2018,20,7,37,37
6/28/2018,21,5,34,34
6/29/2018,13,5,22,22
6/30/2018,11,6,25,25
1/1/2018,23,6,28,28
1/2/2018,16,9,23,23
1/3/2018,27,5,15,27
1/4/2018,13,6,17,17
1/5/2018,20,4,19,20
1/6/2018,14,6,28,28
1/7/2018,11,16,30,30
1/8/2018,20,9,22,22
1/9/2018,20,9,15,20
1/10/2018,24,8,18,24
1/11/2018,21,12,25,25
1/12/2018,24,14,23,24
1/13/2018,19,10,25,25
1/14/2018,18,14,22,22
1/15/2018,23,19,22,23
1/16/2018,25,17,21,25
1/17/2018,33,8,17,33
1/18/2018,32,13,4,32
1/19/2018,48,16,7,48
1/20/2018,62,7,14,62
1/21/2018,32,9,12,32
1/22/2018,29,11,15,29
1/23/2018,36,13,26,36
1/24/2018,47,7,14,47
1/25/2018,17,0,0,17
2/2/2018,24,9,17,24
2/3/2018,37,9,24,37
2/4/2018,28,8,24,28
2/5/2018,18,7,27,27
2/6/2018,24,8,21,24
2/7/2018,36,8,25,36
2/8/2018,34,11,25,34
2/9/2018,50,13,23,50
2/10/2018,57,13,17,57
2/11/2018,51,12,22,51
2/12/2018,51,15,23,51
2/13/2018,58,17,22,58
2/14/2018,57,13,27,57
2/15/2018,51,17,28,51
2/16/2018,66,19,25,66
2/17/2018,69,18,24,69
2/18/2018,66,21,20,66
2/19/2018,56,15,24,56
2/20/2018,30,15,20,30
2/21/2018,34,18,16,34
2/22/2018,37,24,23,37
2/23/2018,41,10,26,41
2/24/2018,24,8,28,28
2/25/2018,22,7,29,29
2/26/2018,20,12,25,25
2/27/2018,31,18,19,31
2/28/2018,36,22,21,36
3/1/2018,33,23,24,33
3/2/2018,36,19,23,36
3/3/2018,37,23,28,37
3/4/2018,45,12,22,45
3/5/2018,32,10,26,32
3/6/2018,24,15,21,24
3/7/2018,27,12,24,27
3/8/2018,43,12,29,43
3/9/2018,52,12,30,52
3/10/2018,54,13,23,54
3/11/2018,56,9,30,56
3/12/2018,42,7,26,42
3/13/2018,32,6,29,32
3/14/2018,26,13,30,30
3/15/2018,20,17,28,28
3/16/2018,19,10,33,33
3/17/2018,13,7,35,35
3/18/2018,14,5,35,35
3/19/2018,12,6,31,31
3/20/2018,19,17,32,32
3/21/2018,24,5,34,34
3/22/2018,13,6,35,35
3/23/2018,18,6,34,34
3/24/2018,20,5,27,27
3/25/2018,20,12,32,32
3/26/2018,18,18,32,32
3/27/2018,17,16,31,31
3/28/2018,19,4,29,29
3/29/2018,15,8,36,36
3/30/2018,17,15,37,37
3/31/2018,29,11,37,37
10/1/2017,27,16,22,27
10/2/2017,30,12,21,30
10/3/2017,30,8,26,30
10/4/2017,9,6,26,26
10/5/2017,8,9,12,12
10/6/2017,15,7,18,18
10/7/2017,11,6,24,24
10/8/2017,13,7,17,17
10/9/2017,14,6,18,18
10/10/2017,9,7,16,16
10/11/2017,13,8,18,18
10/12/2017,14,8,15,15
10/13/2017,19,6,13,19
10/14/2017,7,7,18,18
10/15/2017,12,10,22,22
10/16/2017,21,9,22,22
10/17/2017,14,8,24,24
10/18/2017,12,7,18,18
10/19/2017,11,10,12,12
10/20/2017,20,8,10,20
10/21/2017,19,7,15,19
10/22/2017,12,9,16,16
10/23/2017,18,11,10,18
10/24/2017,22,10,22,22
10/25/2017,9,7,20,20
10/26/2017,20,11,13,20
10/27/2017,32,4,17,32
10/28/2017,15,3,10,15
10/29/2017,12,8,18,18
10/30/2017,19,13,24,24
10/31/2017,16,15,18,18
11/1/2017,20,15,23,23
11/2/2017,21,15,23,23
11/3/2017,23,6,30,30
11/4/2017,15,15,19,19
11/5/2017,51,14,20,51
11/6/2017,47,9,18,47
11/7/2017,15,8,21,21
11/8/2017,16,10,17,17
11/9/2017,33,8,22,33
11/10/2017,18,5,24,24
11/11/2017,11,4,23,23
11/12/2017,11,9,13,13
11/13/2017,17,14,14,17
11/14/2017,16,7,20,20
11/15/2017,13,8,23,23
11/16/2017,15,7,26,26
11/17/2017,12,7,28,28
11/18/2017,14,8,22,22
11/19/2017,28,8,14,28
11/20/2017,30,7,13,30
11/21/2017,24,6,12,24
11/22/2017,24,6,19,24
11/23/2017,14,13,13,14
11/24/2017,44,6,22,44
11/25/2017,16,4,23,23
11/26/2017,12,8,23,23
11/27/2017,20,9,20,20
11/28/2017,23,8,23,23
11/29/2017,29,6,11,29
11/30/2017,24,5,4,24
12/1/2017,18,5,22,22
12/2/2017,16,4,25,25
12/3/2017,7,6,23,23
12/4/2017,13,11,22,22
12/5/2017,14,4,22,22
12/6/2017,13,5,20,20
12/7/2017,13,6,21,21
12/8/2017,15,8,26,26
12/9/2017,20,11,24,24
12/10/2017,26,14,21,26
12/11/2017,24,6,21,24
12/12/2017,17,5,22,22
12/13/2017,17,9,23,23
12/14/2017,24,8,20,24
12/15/2017,27,8,21,27
12/16/2017,30,5,16,30
12/17/2017,18,7,20,20
12/18/2017,13,5,17,17
12/19/2017,15,5,22,22
12/20/2017,8,4,23,23
12/21/2017,11,5,25,25
12/22/2017,12,3,29,29
12/23/2017,6,6,31,31
12/24/2017,11,5,22,22
12/25/2017,12,3,24,24
12/26/2017,10,6,23,23
12/27/2017,17,11,21,21
12/28/2017,40,12,15,40
12/29/2017,49,4,24,49
12/30/2017,13,0,0,13
7/1/2017,15,7,31,31
7/2/2017,14,10,26,26
7/3/2017,26,8,22,26
7/4/2017,17,6,20,20
7/5/2017,11,6,21,21
7/6/2017,11,7,24,24
7/7/2017,13,10,29,29
7/8/2017,24,11,26,26
7/9/2017,30,10,32,32
7/10/2017,28,13,21,28
7/11/2017,31,7,30,31
7/12/2017,24,7,25,25
7/13/2017,22,3,23,23
7/14/2017,7,6,23,23
7/15/2017,18,5,28,28
7/16/2017,15,8,25,25
7/17/2017,22,6,20,22
7/18/2017,12,6,16,16
7/19/2017,16,6,17,17
7/20/2017,15,6,20,20
7/21/2017,15,7,18,18
7/22/2017,20,5,23,23
7/23/2017,17,9,14,17
7/24/2017,21,7,12,21
7/25/2017,18,8,19,19
7/26/2017,20,9,21,21
7/27/2017,19,10,31,31
7/28/2017,25,10,25,25
7/29/2017,32,8,31,32
7/30/2017,20,9,31,31
7/31/2017,24,9,33,33
8/1/2017,21,8,28,28
8/2/2017,21,8,32,32
8/3/2017,23,6,28,28
8/4/2017,15,9,29,29
8/5/2017,16,6,22,22
8/6/2017,16,7,20,20
8/7/2017,20,9,30,30
8/8/2017,25,13,24,25
8/9/2017,28,14,42,42
8/10/2017,34,10,34,34
8/11/2017,25,13,33,33
8/12/2017,34,7,30,34
8/13/2017,18,7,22,22
8/14/2017,16,7,25,25
8/15/2017,19,12,15,19
8/16/2017,26,17,30,30
8/17/2017,42,14,31,42
8/18/2017,44,10,31,44
8/19/2017,31,7,29,31
8/20/2017,20,8,21,21
8/21/2017,20,10,27,27
8/22/2017,22,8,16,22
8/23/2017,17,7,19,19
8/24/2017,11,8,12,12
8/25/2017,17,5,23,23
8/26/2017,9,3,20,20
8/27/2017,8,6,15,15
8/28/2017,13,9,30,30
8/29/2017,19,12,35,35
8/30/2017,32,16,32,32
8/31/2017,48,11,34,48
9/1/2017,30,7,12,30
9/2/2017,17,4,20,20
9/3/2017,9,9,23,23
9/4/2017,13,8,18,18
9/5/2017,11,5,13,13
9/6/2017,11,0,0,11
9/11/2017,15,5,26,26
9/12/2017,18,6,25,25
9/13/2017,17,4,21,21
9/14/2017,11,6,16,16
9/15/2017,16,4,19,19
9/16/2017,14,3,11,14
9/17/2017,10,5,11,11
9/18/2017,10,6,8,10
9/19/2017,16,7,8,16
9/20/2017,21,8,20,21
9/21/2017,25,9,8,25
9/22/2017,19,13,15,19
9/23/2017,27,14,22,27
9/24/2017,32,16,20,32
9/25/2017,44,15,15,44
9/26/2017,37,18,15,37
9/27/2017,47,12,16,47
9/28/2017,25,15,10,25
9/29/2017,27,11,20,27
9/30/2017,27,10,24,27
4/1/2017,20,10,19,20
4/2/2017,24,8,18,24
4/3/2017,21,11,27,27
4/4/2017,11,11,30,30
4/5/2017,15,20,31,31
4/6/2017,17,19,28,28
4/7/2017,16,14,31,31
4/8/2017,11,12,27,27
4/9/2017,13,22,34,34
4/10/2017,29,11,31,31
4/11/2017,12,16,30,30
4/12/2017,18,13,29,29
4/13/2017,21,12,32,32
4/14/2017,26,13,35,35
4/15/2017,24,12,33,33
4/16/2017,19,11,33,33
4/17/2017,17,18,30,30
4/18/2017,19,25,32,32
4/19/2017,21,19,36,36
4/20/2017,15,9,35,35
4/21/2017,11,8,30,30
4/22/2017,11,7,31,31
4/23/2017,12,12,29,29
4/24/2017,14,10,27,27
4/25/2017,18,7,31,31
4/26/2017,15,9,31,31
4/27/2017,16,16,29,29
4/28/2017,24,9,29,29
4/29/2017,15,5,32,32
4/30/2017,17,14,31,31
5/1/2017,31,21,36,36
5/2/2017,18,15,33,33
5/3/2017,15,13,32,32
5/4/2017,14,17,32,32
5/5/2017,14,11,37,37
5/6/2017,19,9,32,32
5/7/2017,16,15,28,28
5/8/2017,20,12,25,25
5/9/2017,12,12,23,23
5/10/2017,22,11,25,25
5/11/2017,19,11,31,31
5/12/2017,19,11,30,30
5/13/2017,21,12,33,33
5/14/2017,27,12,34,34
5/15/2017,23,11,28,28
5/16/2017,22,15,26,26
5/17/2017,28,14,27,28
5/18/2017,32,21,52,52
5/19/2017,43,16,42,43
5/20/2017,33,9,32,33
5/21/2017,11,18,32,32
5/22/2017,20,14,30,30
5/23/2017,14,15,27,27
5/24/2017,21,13,33,33
5/25/2017,17,10,30,30
5/26/2017,12,9,29,29
5/27/2017,18,12,32,32
5/28/2017,26,15,30,30
5/29/2017,27,10,24,27
5/30/2017,14,8,28,28
5/31/2017,13,8,25,25
6/1/2017,10,11,24,24
6/2/2017,14,6,31,31
6/3/2017,10,8,25,25
6/4/2017,18,10,22,22
6/5/2017,24,13,32,32
6/6/2017,27,19,34,34
6/7/2017,30,13,30,30
6/8/2017,41,9,30,41
6/9/2017,58,9,32,58
6/10/2017,33,10,33,33
6/11/2017,27,5,29,29
6/12/2017,16,6,28,28
6/13/2017,17,10,27,27
6/14/2017,27,16,25,27
6/15/2017,39,15,26,39
6/16/2017,30,12,33,33
6/17/2017,34,9,30,34
6/18/2017,25,7,26,26
6/19/2017,9,7,23,23
6/20/2017,11,6,22,22
6/21/2017,10,6,22,22
6/22/2017,13,4,20,20
6/23/2017,10,9,25,25
6/24/2017,33,9,29,33
6/25/2017,25,8,27,27
6/26/2017,19,7,23,23
6/27/2017,15,6,27,27
6/28/2017,12,9,31,31
6/29/2017,18,19,26,26
6/30/2017,21,8,21,21
1/2/2017,17,10,16,17
1/3/2017,32,8,23,32
1/4/2017,25,8,23,25
1/5/2017,22,12,19,22
1/6/2017,37,6,26,37
1/7/2017,13,5,27,27
1/8/2017,11,6,25,25
1/9/2017,13,9,24,24
1/10/2017,27,28,23,28
1/11/2017,76,21,24,76
1/12/2017,46,11,25,46
1/13/2017,29,14,21,29
1/14/2017,42,7,19,42
1/15/2017,22,13,23,23
1/16/2017,30,8,23,30
1/17/2017,16,5,25,25
1/18/2017,10,4,19,19
1/19/2017,10,9,30,30
1/20/2017,18,6,24,24
1/21/2017,14,0,0,14
1/23/2017,9,10,22,22
1/24/2017,23,12,22,23
1/25/2017,27,8,23,27
1/26/2017,20,12,12,20
1/27/2017,35,7,19,35
1/28/2017,20,11,18,20
1/29/2017,39,14,23,39
1/30/2017,48,7,23,48
1/31/2017,15,6,24,24
2/1/2017,14,14,29,29
2/2/2017,47,23,29,47
2/3/2017,76,20,21,76
2/4/2017,65,8,23,65
2/5/2017,31,9,26,31
2/6/2017,23,15,18,23
2/7/2017,32,41,17,41
2/8/2017,38,24,19,38
2/9/2017,36,14,16,36
2/10/2017,39,11,26,39
2/11/2017,31,7,30,31
2/12/2017,16,6,29,29
2/13/2017,13,7,30,30
2/14/2017,14,11,21,21
2/15/2017,21,10,21,21
2/16/2017,27,15,20,27
2/17/2017,41,5,29,41
2/18/2017,7,4,22,22
2/19/2017,7,3,30,30
2/20/2017,7,10,29,29
2/21/2017,20,10,29,29
2/22/2017,10,6,27,27
2/23/2017,14,6,30,30
2/24/2017,14,8,29,29
2/25/2017,20,6,29,29
2/26/2017,14,8,25,25
2/27/2017,24,9,21,24
2/28/2017,31,9,28,31
3/1/2017,29,9,27,29
3/2/2017,18,9,29,29
3/3/2017,22,6,26,26
3/4/2017,20,18,29,29
3/5/2017,30,29,28,30
3/6/2017,27,34,28,34
3/7/2017,20,7,26,26
3/8/2017,23,9,29,29
3/9/2017,28,11,20,28
3/10/2017,42,10,24,42
3/11/2017,18,6,29,29
3/12/2017,17,7,30,30
3/13/2017,15,10,31,31
3/14/2017,21,15,26,26
3/15/2017,16,21,32,32
3/16/2017,14,7,31,31
3/17/2017,12,10,29,29
3/18/2017,17,8,24,24
3/19/2017,20,11,24,24
3/20/2017,17,6,30,30
3/21/2017,14,10,31,31
3/22/2017,17,18,30,30
3/23/2017,14,19,31,31
3/24/2017,14,14,28,28
3/25/2017,17,13,33,33
3/26/2017,12,31,37,37
3/27/2017,14,28,34,34
3/28/2017,12,22,31,31
3/29/2017,14,26,32,32
3/30/2017,19,7,32,32
3/31/2017,17,8,27,27
10/1/2016,13,9,22,22
10/2/2016,18,13,18,18
10/3/2016,21,11,17,21
10/4/2016,18,9,19,19
10/5/2016,12,9,16,16
10/6/2016,10,9,19,19
10/7/2016,14,9,23,23
10/8/2016,15,8,17,17
10/9/2016,19,10,19,19
10/10/2016,17,14,19,19
10/11/2016,33,16,17,33
10/12/2016,35,11,16,35
10/13/2016,21,8,15,21
10/14/2016,18,8,9,18
10/15/2016,21,6,21,21
10/16/2016,13,9,20,20
10/17/2016,13,17,22,22
10/18/2016,27,21,22,27
10/19/2016,49,26,24,49
10/20/2016,59,21,24,59
10/21/2016,49,19,24,49
10/22/2016,43,18,20,43
10/23/2016,44,14,21,44
10/24/2016,34,12,22,34
10/25/2016,30,15,6,30
10/26/2016,35,9,20,35
10/27/2016,20,5,20,20
10/28/2016,8,6,27,27
10/29/2016,7,6,21,21
10/30/2016,12,15,11,15
10/31/2016,28,20,22,28
11/1/2016,41,11,24,41
11/2/2016,25,12,19,25
11/3/2016,34,13,17,34
11/4/2016,29,11,16,29
11/5/2016,32,8,19,32
11/6/2016,25,10,19,25
11/7/2016,29,11,22,29
11/8/2016,33,9,20,33
11/9/2016,33,11,12,33
11/10/2016,35,9,12,35
11/11/2016,30,8,13,30
11/12/2016,28,6,20,28
11/13/2016,17,10,12,17
11/14/2016,28,9,13,28
11/15/2016,23,7,12,23
11/16/2016,18,8,15,18
11/17/2016,14,11,15,15
11/18/2016,24,11,24,24
11/19/2016,27,9,23,27
11/20/2016,24,17,20,24
11/21/2016,42,19,14,42
11/22/2016,48,23,11,48
11/23/2016,57,9,20,57
11/24/2016,18,17,23,23
11/25/2016,9,3,25,25
11/26/2016,2,10,24,24
11/27/2016,11,9,23,23
11/28/2016,21,10,25,25
11/29/2016,15,8,25,25
11/30/2016,16,8,21,21
12/1/2016,14,13,14,19
12/2/2016,29,10,23,29
12/3/2016,19,9,23,23
12/4/2016,17,7,26,26
12/5/2016,13,14,22,22
12/6/2016,28,8,23,28
12/7/2016,11,7,18,18
12/8/2016,18,6,20,20
12/9/2016,15,18,25,25
12/10/2016,14,11,22,22
12/11/2016,18,11,22,22
12/12/2016,18,6,23,23
12/13/2016,11,11,16,16
12/14/2016,35,9,21,35
12/15/2016,16,9,19,19
12/16/2016,21,6,16,21
12/17/2016,15,5,16,16
12/18/2016,13,7,17,17
12/19/2016,18,5,13,18
12/20/2016,14,9,24,24
12/21/2016,24,16,18,24
12/22/2016,39,13,24,39
12/23/2016,19,10,29,29
12/24/2016,12,11,31,31
12/25/2016,18,10,28,28
12/26/2016,15,8,28,28
12/27/2016,19,9,26,26
12/28/2016,18,8,24,24
12/29/2016,17,11,23,23
12/30/2016,24,12,21,24
12/31/2016,33,13,20,33
1/1/2017,37,9,24,37
7/1/2016,29,13,31,31
7/2/2016,38,9,28,38
7/3/2016,26,8,20,26
7/4/2016,15,8,21,21
7/5/2016,10,8,25,25
7/6/2016,12,6,21,21
7/7/2016,12,7,23,23
7/8/2016,14,8,28,28
7/9/2016,19,9,28,28
7/10/2016,24,10,22,24
7/11/2016,25,9,27,27
7/12/2016,22,11,24,24
7/13/2016,22,11,28,28
7/14/2016,20,11,22,22
7/15/2016,27,8,24,27
7/16/2016,23,8,28,28
7/17/2016,19,10,26,26
7/18/2016,17,8,26,26
7/19/2016,15,10,23,23
7/20/2016,16,11,20,20
7/21/2016,27,15,16,27
7/22/2016,47,15,19,47
7/23/2016,48,14,26,48
7/24/2016,50,16,30,50
7/25/2016,50,17,29,50
7/26/2016,52,16,32,52
7/27/2016,45,11,22,45
7/28/2016,20,8,32,32
7/29/2016,17,9,36,36
7/30/2016,23,8,34,34
7/31/2016,21,10,24,24
8/1/2016,18,9,29,29
8/2/2016,14,11,29,29
8/3/2016,20,10,24,24
8/4/2016,21,12,25,25
8/5/2016,30,9,26,30
8/6/2016,23,8,26,26
8/7/2016,18,10,29,29
8/8/2016,21,11,28,28
8/9/2016,20,10,24,24
8/10/2016,18,7,22,22
8/11/2016,13,6,22,22
8/12/2016,11,8,24,24
8/13/2016,16,8,26,26
8/14/2016,19,6,21,21
8/15/2016,10,6,12,12
8/16/2016,12,8,24,24
8/17/2016,16,10,19,19
8/18/2016,24,13,26,26
8/19/2016,29,11,26,29
8/20/2016,31,16,33,33
8/21/2016,37,15,34,37
8/22/2016,42,16,27,42
8/23/2016,25,15,16,25
8/24/2016,21,16,24,24
8/25/2016,25,12,25,25
8/26/2016,23,15,37,37
8/27/2016,21,10,24,24
8/28/2016,16,8,20,20
8/29/2016,11,10,18,18
8/30/2016,17,13,21,21
8/31/2016,20,17,35,35
9/1/2016,25,14,27,27
9/2/2016,20,9,21,21
9/3/2016,14,6,25,25
9/4/2016,7,12,18,18
9/5/2016,19,13,23,23
9/6/2016,16,13,24,24
9/7/2016,17,14,19,19
9/8/2016,13,12,18,18
9/9/2016,17,13,23,23
9/10/2016,24,11,29,29
9/11/2016,23,16,30,30
9/12/2016,23,16,22,23
9/13/2016,17,12,18,18
9/14/2016,16,16,17,17
9/15/2016,22,11,17,22
9/16/2016,10,8,17,17
9/17/2016,14,10,22,22
9/18/2016,15,10,9,15
9/19/2016,16,0,0,16
9/24/2016,26,10,27,27
9/25/2016,23,12,25,25
9/26/2016,19,14,24,24
9/27/2016,23,14,26,26
9/28/2016,25,9,19,25
9/29/2016,14,11,26,26
9/30/2016,15,8,28,28
4/1/2016,19,15,30,30
4/2/2016,15,10,26,26
4/3/2016,19,17,26,26
4/4/2016,29,25,23,29
4/5/2016,40,19,28,40
4/6/2016,43,15,31,43
4/7/2016,24,15,31,31
4/8/2016,20,8,26,26
4/9/2016,21,12,24,24
4/10/2016,19,23,28,28
4/11/2016,21,37,28,37
4/12/2016,35,29,31,35
4/13/2016,25,22,29,29
4/14/2016,16,17,29,29
4/15/2016,18,12,34,34
4/16/2016,20,11,29,29
4/17/2016,33,10,32,33
4/18/2016,16,12,30,30
4/19/2016,20,9,25,25
4/20/2016,15,11,30,30
4/21/2016,13,14,25,25
4/22/2016,18,5,28,28
4/23/2016,16,8,30,30
4/24/2016,22,8,31,31
4/25/2016,17,6,29,29
4/26/2016,15,7,29,29
4/27/2016,15,11,23,23
4/28/2016,28,9,33,33
4/29/2016,25,13,26,26
4/30/2016,33,12,41,41
5/1/2016,27,17,40,40
5/2/2016,30,23,39,39
5/3/2016,40,23,42,42
5/4/2016,41,16,44,44
5/5/2016,32,13,37,37
5/6/2016,22,13,42,42
5/7/2016,24,12,43,43
5/8/2016,24,17,42,42
5/9/2016,25,23,42,42
5/10/2016,31,12,36,36
5/11/2016,17,9,29,29
5/12/2016,14,10,29,29
5/13/2016,16,14,27,27
5/14/2016,35,15,39,39
5/15/2016,38,10,30,38
5/16/2016,26,7,26,26
5/17/2016,15,8,29,29
5/18/2016,15,10,36,36
5/19/2016,19,9,37,37
5/20/2016,21,12,46,46
5/21/2016,27,8,30,30
5/22/2016,24,12,28,28
5/23/2016,21,13,38,38
5/24/2016,26,24,41,41
5/25/2016,35,23,23,35
5/26/2016,32,13,24,32
5/27/2016,11,11,22,22
5/28/2016,17,8,23,23
5/29/2016,12,17,28,28
5/30/2016,28,23,35,35
5/31/2016,28,21,33,33
6/1/2016,28,29,24,29
6/2/2016,44,17,40,44
6/3/2016,34,9,31,34
6/4/2016,8,8,28,28
6/5/2016,10,10,28,28
6/6/2016,13,12,32,32
6/7/2016,17,10,30,30
6/8/2016,19,9,25,25
6/9/2016,7,7,28,28
6/10/2016,14,7,23,23
6/11/2016,10,6,23,23
6/12/2016,10,9,26,26
6/13/2016,13,10,31,31
6/14/2016,17,17,45,45
6/15/2016,29,14,30,30
6/16/2016,44,9,29,44
6/17/2016,23,7,27,27
6/18/2016,14,7,30,30
6/19/2016,17,14,30,30
6/20/2016,32,16,28,32
6/21/2016,35,12,33,35
6/22/2016,34,9,24,34
6/23/2016,22,9,26,26
6/24/2016,29,14,34,34
6/25/2016,51,13,37,51
6/26/2016,44,9,28,44
6/27/2016,19,9,34,34
6/28/2016,20,14,32,32
6/29/2016,31,14,35,35
6/30/2016,36,12,33,36
1/4/2016,31,0,0,31
1/6/2016,43,19,5,43
1/7/2016,54,20,7,54
1/8/2016,58,14,12,58
1/9/2016,53,14,7,53
1/10/2016,54,8,25,54
1/11/2016,22,8,23,23
1/12/2016,20,11,23,23
1/13/2016,30,10,18,30
1/14/2016,34,9,19,34
1/15/2016,30,13,7,30
1/16/2016,44,9,15,44
1/17/2016,34,13,7,34
1/18/2016,40,16,3,40
1/19/2016,50,17,6,50
1/20/2016,48,26,1,48
1/21/2016,56,24,2,56
1/22/2016,54,11,18,54
1/23/2016,28,14,26,28
1/24/2016,49,16,7,49
1/25/2016,54,3,19,54
1/26/2016,11,4,18,18
1/27/2016,7,5,23,23
1/28/2016,9,6,26,26
1/29/2016,15,11,26,26
1/30/2016,25,9,30,30
1/31/2016,17,6,25,25
2/1/2016,16,5,26,26
2/2/2016,12,6,22,22
2/3/2016,19,6,23,23
2/4/2016,14,6,22,22
2/5/2016,15,6,22,22
2/6/2016,17,15,12,17
2/7/2016,49,14,18,49
2/8/2016,51,14,20,51
2/9/2016,43,12,24,43
2/10/2016,33,10,20,33
2/11/2016,32,7,24,32
2/12/2016,17,6,24,24
2/13/2016,16,8,22,22
2/14/2016,24,9,20,24
2/15/2016,28,9,23,28
2/16/2016,17,7,24,24
2/17/2016,12,10,24,24
2/18/2016,16,11,16,16
2/19/2016,34,8,16,34
2/20/2016,27,8,20,27
2/21/2016,25,7,19,25
2/22/2016,15,8,23,23
2/23/2016,23,6,25,25
2/24/2016,10,8,24,24
2/25/2016,12,8,25,25
2/26/2016,18,8,26,26
2/27/2016,24,9,26,26
2/28/2016,18,14,22,22
2/29/2016,25,7,25,25
3/1/2016,9,25,23,25
3/2/2016,29,14,23,29
3/3/2016,37,18,20,37
3/4/2016,53,11,16,53
3/5/2016,40,6,13,40
3/6/2016,20,14,21,21
3/7/2016,50,12,10,50
3/8/2016,42,10,22,42
3/9/2016,32,15,24,32
3/10/2016,33,25,24,33
3/11/2016,45,23,25,45
3/12/2016,39,16,28,39
3/13/2016,37,23,27,37
3/14/2016,28,21,27,28
3/15/2016,20,15,23,23
3/16/2016,12,16,30,30
3/17/2016,10,12,26,26
3/18/2016,13,16,24,24
3/19/2016,17,12,26,26
3/20/2016,14,11,25,25
3/21/2016,18,19,27,27
3/22/2016,26,20,28,28
3/23/2016,19,18,24,24
3/24/2016,28,8,27,28
3/25/2016,20,15,20,20
3/26/2016,52,7,25,52
3/27/2016,13,24,27,27
3/28/2016,58,27,35,58
3/29/2016,54,25,32,54
3/30/2016,46,26,22,46
3/31/2016,28,17,22,28
10/1/2015,14,5,25,25
10/2/2015,10,7,27,27
10/3/2015,16,0,0,16
10/5/2015,16,7,17,17
10/6/2015,16,9,18,18
10/7/2015,21,8,18,21
10/8/2015,19,10,18,19
10/9/2015,20,5,23,23
10/10/2015,12,5,23,23
10/11/2015,19,7,20,20
10/12/2015,20,9,20,20
10/13/2015,22,7,21,22
10/14/2015,19,7,14,19
10/15/2015,20,8,22,22
10/16/2015,20,12,22,22
10/17/2015,47,6,15,47
10/18/2015,16,8,19,19
10/19/2015,12,11,20,20
10/20/2015,14,12,13,14
10/21/2015,25,15,16,25
10/22/2015,35,5,18,35
10/23/2015,13,7,19,19
10/24/2015,11,8,22,22
10/25/2015,16,5,21,21
10/26/2015,7,6,20,20
10/27/2015,11,20,19,20
10/28/2015,21,11,18,21
10/29/2015,16,13,7,18
10/30/2015,27,12,23,27
10/31/2015,34,23,27,34
11/1/2015,77,12,15,77
11/2/2015,38,8,20,38
11/3/2015,12,7,23,23
11/4/2015,14,0,0,14
11/11/2015,18,15,15,18
11/12/2015,26,10,15,26
11/13/2015,14,11,20,20
11/14/2015,17,8,22,22
11/15/2015,12,10,21,21
11/16/2015,15,8,22,22
11/17/2015,14,7,25,25
11/18/2015,12,7,22,22
11/19/2015,14,4,11,14
11/20/2015,8,5,19,19
11/21/2015,8,6,12,12
11/22/2015,17,22,18,22
11/23/2015,24,11,21,24
11/24/2015,17,13,19,19
11/25/2015,35,14,18,35
11/26/2015,50,6,26,50
11/27/2015,10,12,26,26
11/28/2015,31,13,21,31
11/29/2015,38,7,27,38
11/30/2015,12,7,22,22
12/1/2015,14,22,22,22
12/2/2015,23,7,22,23
12/3/2015,14,6,21,21
12/4/2015,10,6,25,25
12/5/2015,13,5,26,26
12/6/2015,9,10,30,30
12/7/2015,20,20,25,25
12/8/2015,22,17,20,22
12/9/2015,18,12,24,24
12/10/2015,12,14,22,22
12/11/2015,12,10,18,18
12/12/2015,14,7,16,16
12/13/2015,15,11,14,15
12/14/2015,19,9,19,19
12/15/2015,11,7,21,21
12/16/2015,12,6,20,20
12/17/2015,16,6,12,16
12/18/2015,12,8,20,20
12/19/2015,19,9,17,19
12/20/2015,21,17,23,23
12/21/2015,35,13,25,35
12/22/2015,20,7,24,24
12/23/2015,14,14,25,25
12/24/2015,25,9,29,29
12/25/2015,18,10,28,28
12/26/2015,14,10,27,27
12/27/2015,21,10,11,24
12/28/2015,27,16,17,27
12/29/2015,34,9,21,34
12/30/2015,22,0,0,22
7/1/2015,19,14,25,25
7/2/2015,23,16,31,31
7/3/2015,30,13,39,39
7/4/2015,29,7,31,31
7/5/2015,10,13,24,24
7/6/2015,10,11,29,29
7/7/2015,24,9,21,24
7/8/2015,18,12,32,32
7/9/2015,28,11,29,29
7/10/2015,22,9,22,22
7/11/2015,24,7,17,24
7/12/2015,19,8,18,19
7/13/2015,20,9,25,25
7/14/2015,27,10,30,30
7/15/2015,26,12,28,28
7/16/2015,31,8,33,33
7/17/2015,19,8,27,27
7/18/2015,25,8,28,28
7/19/2015,18,11,29,29
7/20/2015,25,7,27,27
7/21/2015,12,6,30,30
7/22/2015,15,10,28,28
7/23/2015,25,8,27,27
7/24/2015,19,8,31,31
7/25/2015,18,12,28,28
7/26/2015,29,10,27,29
7/27/2015,20,16,29,29
7/28/2015,25,16,29,29
7/29/2015,38,9,35,38
7/30/2015,21,6,31,31
7/31/2015,17,6,21,21
8/1/2015,17,9,33,33
8/2/2015,24,10,30,30
8/3/2015,26,9,27,27
8/4/2015,19,12,30,30
8/5/2015,25,15,30,30
8/6/2015,41,11,34,41
8/7/2015,23,16,41,41
8/8/2015,39,9,32,39
8/9/2015,24,12,27,27
8/10/2015,28,14,35,35
8/11/2015,31,16,29,31
8/12/2015,40,8,26,40
8/13/2015,14,8,27,27
8/14/2015,12,7,25,25
8/15/2015,18,8,27,27
8/16/2015,20,11,25,25
8/17/2015,19,11,29,29
8/18/2015,22,11,28,28
8/19/2015,20,15,24,24
8/20/2015,29,16,35,35
8/21/2015,30,12,36,36
8/22/2015,22,16,39,39
8/23/2015,38,19,30,38
8/24/2015,43,20,32,43
8/25/2015,33,14,30,33
8/26/2015,36,12,29,36
8/27/2015,24,7,38,38
8/28/2015,21,6,26,26
8/29/2015,11,6,25,25
8/30/2015,16,9,29,29
8/31/2015,19,12,24,24
9/1/2015,22,9,17,22
9/2/2015,18,6,23,23
9/3/2015,15,8,31,31
9/4/2015,16,6,35,35
9/5/2015,13,7,28,28
9/6/2015,18,7,14,18
9/7/2015,17,9,18,18
9/8/2015,18,9,18,18
9/9/2015,19,12,20,20
9/10/2015,23,14,22,23
9/11/2015,30,9,25,30
9/12/2015,21,7,25,25
9/13/2015,17,13,22,22
9/14/2015,26,25,26,26
9/15/2015,32,12,19,32
9/16/2015,42,18,19,42
9/17/2015,51,15,33,51
9/18/2015,39,7,33,39
9/19/2015,15,7,25,25
9/20/2015,14,8,20,20
9/21/2015,18,7,27,27
9/22/2015,17,10,23,23
9/23/2015,20,17,22,22
9/24/2015,38,9,29,38
9/25/2015,22,6,24,24
9/26/2015,15,6,21,21
9/27/2015,12,8,18,18
9/28/2015,15,7,20,20
9/29/2015,16,5,25,25
9/30/2015,10,6,21,21
4/1/2015,19,12,14,19
4/2/2015,24,8,16,24
4/3/2015,20,9,25,25
4/4/2015,22,12,28,28
4/5/2015,36,16,30,36
4/6/2015,34,15,26,34
4/7/2015,23,19,30,30
4/8/2015,15,18,31,31
4/9/2015,17,17,33,33
4/10/2015,22,14,32,32
4/11/2015,25,14,32,32
4/12/2015,37,13,31,37
4/13/2015,14,11,29,29
4/14/2015,8,14,30,30
4/15/2015,11,9,29,29
4/16/2015,10,8,26,26
4/17/2015,19,11,30,30
4/18/2015,20,10,31,31
4/19/2015,15,16,35,35
4/20/2015,11,18,34,34
4/21/2015,19,14,33,33
4/22/2015,11,12,36,36
4/23/2015,11,9,32,32
4/24/2015,15,8,29,29
4/25/2015,14,9,29,29
4/26/2015,27,10,24,27
4/27/2015,23,9,26,26
4/28/2015,21,9,24,24
4/29/2015,19,7,25,25
4/30/2015,18,7,32,32
5/1/2015,10,6,31,31
5/2/2015,14,5,31,31
5/3/2015,16,7,27,27
5/4/2015,12,13,29,29
5/5/2015,26,16,31,31
5/6/2015,42,11,27,42
5/7/2015,29,9,32,32
5/8/2015,20,8,31,31
5/9/2015,16,8,37,37
5/10/2015,18,8,32,32
5/11/2015,20,11,33,33
5/12/2015,16,8,34,34
5/13/2015,15,4,34,34
5/14/2015,10,5,29,29
5/15/2015,8,6,27,27
5/16/2015,11,6,28,28
5/17/2015,15,7,22,22
5/18/2015,15,7,28,28
5/19/2015,12,10,35,35
5/20/2015,24,10,27,27
5/21/2015,25,9,36,36
5/22/2015,21,8,34,34
5/23/2015,17,7,30,30
5/24/2015,14,13,27,27
5/25/2015,28,15,32,32
5/26/2015,27,10,30,30
5/27/2015,21,8,27,27
5/28/2015,10,9,31,31
5/29/2015,19,7,34,34
5/30/2015,14,7,35,35
5/31/2015,18,12,33,33
6/1/2015,24,10,32,32
6/2/2015,22,10,33,33
6/3/2015,17,8,33,33
6/4/2015,10,7,31,31
6/5/2015,13,8,29,29
6/6/2015,18,13,40,40
6/7/2015,24,9,28,28
6/8/2015,13,8,27,27
6/9/2015,12,9,31,31
6/10/2015,11,11,33,33
6/11/2015,14,11,31,31
6/12/2015,27,7,34,34
6/13/2015,17,8,27,27
6/14/2015,27,4,31,31
6/15/2015,14,4,24,24
6/16/2015,7,5,29,29
6/17/2015,10,6,28,28
6/18/2015,19,6,23,23
6/19/2015,28,13,25,28
6/20/2015,56,5,17,56
6/21/2015,21,6,25,25
6/22/2015,22,9,29,29
6/23/2015,23,7,26,26
6/24/2015,32,5,32,32
6/25/2015,22,19,28,28
6/26/2015,25,9,26,26
6/27/2015,18,8,23,23
6/28/2015,18,9,32,32
6/29/2015,18,12,30,30
6/30/2015,29,11,25,29
1/1/2015,32,4,26,32
1/2/2015,12,4,30,30
1/3/2015,8,6,18,18
1/4/2015,19,12,18,19
1/5/2015,37,16,19,37
1/6/2015,36,7,27,36
1/7/2015,13,8,23,23
1/8/2015,22,4,18,22
1/9/2015,7,4,22,22
1/10/2015,15,7,24,24
1/11/2015,23,17,16,23
1/12/2015,41,10,24,41
1/13/2015,22,10,26,26
1/14/2015,17,10,24,24
1/15/2015,21,10,24,24
1/16/2015,27,13,22,27
1/17/2015,28,9,25,28
1/18/2015,22,8,19,22
1/19/2015,22,9,17,22
1/20/2015,25,10,18,25
1/21/2015,30,15,11,30
1/22/2015,38,12,11,38
1/23/2015,43,7,20,43
1/24/2015,21,9,22,22
1/25/2015,36,8,22,36
1/26/2015,26,11,27,27
1/27/2015,29,6,24,29
1/28/2015,17,10,22,22
1/29/2015,35,13,20,35
1/30/2015,43,9,17,43
1/31/2015,28,4,14,28
2/1/2015,15,6,15,15
2/2/2015,17,14,19,19
2/3/2015,48,22,15,48
2/4/2015,65,11,19,65
2/5/2015,38,6,22,38
2/6/2015,13,4,28,28
2/7/2015,6,13,31,31
2/8/2015,12,10,26,26
2/9/2015,16,5,29,29
2/10/2015,12,19,28,28
2/11/2015,15,9,22,22
2/12/2015,22,8,17,22
2/13/2015,13,12,22,22
2/14/2015,39,19,28,39
2/15/2015,17,26,27,27
2/16/2015,13,27,30,30
2/17/2015,27,14,30,30
2/18/2015,33,6,22,33
2/19/2015,11,10,23,23
2/20/2015,27,10,17,27
2/21/2015,33,14,28,33
2/22/2015,43,8,28,43
2/23/2015,16,21,25,25
2/24/2015,72,15,23,72
2/25/2015,34,11,23,34
2/26/2015,30,13,25,30
2/27/2015,36,15,25,36
2/28/2015,46,15,22,46
3/1/2015,50,14,22,50
3/2/2015,53,6,19,53
3/3/2015,21,4,24,24
3/4/2015,13,7,21,21
3/5/2015,16,7,27,27
3/6/2015,9,6,25,25
3/7/2015,14,14,23,23
3/8/2015,37,23,28,37
3/9/2015,32,18,25,32
3/10/2015,20,29,26,29
3/11/2015,28,24,26,28
3/12/2015,19,29,25,29
3/13/2015,23,27,24,27
3/14/2015,31,26,28,31
3/15/2015,40,32,28,40
3/16/2015,50,35,22,50
3/17/2015,64,45,22,64
3/18/2015,75,38,32,75
3/19/2015,64,18,29,64
3/20/2015,25,28,33,33
3/21/2015,9,11,30,30
3/22/2015,9,6,29,29
3/23/2015,10,16,26,26
3/24/2015,22,13,29,29
3/25/2015,22,22,28,28
3/26/2015,19,21,30,30
3/27/2015,43,21,27,43
3/28/2015,60,11,25,60
3/29/2015,19,27,22,27
3/30/2015,54,6,22,54
3/31/2015,9,10,19,19
10/1/2014,36,13,16,36
10/2/2014,33,16,15,33
10/3/2014,44,14,18,44
10/4/2014,47,9,21,47
10/5/2014,30,13,19,30
10/6/2014,35,15,20,35
10/7/2014,38,23,22,38
10/8/2014,64,25,13,64
10/9/2014,71,10,11,71
10/10/2014,37,13,19,37
10/11/2014,36,10,10,36
10/12/2014,31,10,6,31
10/13/2014,28,7,7,28
10/14/2014,20,7,13,20
10/15/2014,16,6,17,17
10/16/2014,14,8,18,18
10/17/2014,17,9,17,17
10/18/2014,26,5,22,26
10/19/2014,11,5,6,11
10/20/2014,13,6,20,20
10/21/2014,16,9,23,23
10/22/2014,21,9,22,22
10/23/2014,21,11,23,23
10/24/2014,14,0,0,14
10/27/2014,33,11,20,33
10/28/2014,30,16,27,30
10/29/2014,52,11,24,52
10/30/2014,17,11,17,17
10/31/2014,15,9,25,25
11/1/2014,13,12,22,22
11/2/2014,35,27,16,35
11/3/2014,76,21,17,76
11/4/2014,65,15,22,65
11/5/2014,34,6,20,34
11/6/2014,9,5,9,10
11/7/2014,12,9,9,12
11/8/2014,17,15,15,17
11/9/2014,39,13,14,39
11/10/2014,34,12,8,34
11/11/2014,39,17,11,39
11/12/2014,31,13,13,31
11/13/2014,20,16,15,20
11/14/2014,23,11,11,23
11/15/2014,24,16,14,24
11/16/2014,44,18,20,44
11/17/2014,41,21,12,41
11/18/2014,55,23,14,55
11/19/2014,52,26,9,52
11/20/2014,54,23,8,54
11/21/2014,57,14,4,57
11/22/2014,56,12,4,56
11/23/2014,49,8,18,49
11/24/2014,26,19,17,26
11/25/2014,65,16,11,65
11/26/2014,55,12,9,55
11/27/2014,47,10,13,47
11/28/2014,36,7,20,36
11/29/2014,25,22,21,25
11/30/2014,50,27,13,50
12/1/2014,45,16,19,45
12/2/2014,41,14,24,41
12/3/2014,31,8,20,31
12/4/2014,28,7,18,28
12/5/2014,22,6,18,22
12/6/2014,21,5,22,22
12/7/2014,13,7,24,24
12/8/2014,23,8,22,23
12/9/2014,14,10,25,25
12/10/2014,18,14,17,18
12/11/2014,41,14,17,41
12/12/2014,47,5,22,47
12/13/2014,24,8,21,24
12/14/2014,26,11,23,26
12/15/2014,30,10,23,30
12/16/2014,25,8,19,25
12/17/2014,18,8,19,19
12/18/2014,23,4,23,23
12/19/2014,8,9,25,25
12/20/2014,14,7,24,24
12/21/2014,13,6,22,22
12/22/2014,13,9,14,14
12/23/2014,33,7,17,33
12/24/2014,26,7,20,26
12/25/2014,25,5,21,25
12/26/2014,14,6,22,22
12/27/2014,17,7,25,25
12/28/2014,25,0,0,25
7/1/2014,15,7,25,25
7/2/2014,21,10,30,30
7/3/2014,26,9,28,28
7/4/2014,29,9,21,29
7/5/2014,31,9,33,33
7/6/2014,34,14,36,36
7/7/2014,45,14,32,45
7/8/2014,39,16,26,39
7/9/2014,43,9,22,43
7/10/2014,22,8,20,22
7/11/2014,16,11,30,30
7/12/2014,24,19,34,34
7/13/2014,48,16,26,48
7/14/2014,44,12,33,44
7/15/2014,36,12,32,36
7/16/2014,35,12,23,35
7/17/2014,32,11,23,32
7/18/2014,35,11,30,35
7/19/2014,27,14,27,27
7/20/2014,41,13,27,41
7/21/2014,36,14,25,36
7/22/2014,34,17,29,34
7/23/2014,44,16,38,44
7/24/2014,46,15,36,46
7/25/2014,47,11,32,47
7/26/2014,42,15,33,42
7/27/2014,43,18,38,43
7/28/2014,47,17,44,47
7/29/2014,55,19,49,55
7/30/2014,61,21,48,61
7/31/2014,56,8,34,56
8/1/2014,23,11,37,37
8/2/2014,33,13,48,48
8/3/2014,42,16,56,56
8/4/2014,50,16,49,50
8/5/2014,47,18,44,47
8/6/2014,53,17,43,53
8/7/2014,50,10,43,50
8/8/2014,27,12,43,43
8/9/2014,41,11,44,44
8/10/2014,38,14,38,38
8/11/2014,40,10,36,40
8/12/2014,21,9,38,38
8/13/2014,17,12,38,38
8/14/2014,24,10,38,38
8/15/2014,24,7,35,35
8/16/2014,14,9,17,17
8/17/2014,16,10,29,29
8/18/2014,23,8,28,28
8/19/2014,18,10,29,29
8/20/2014,21,10,29,29
8/21/2014,17,9,30,30
8/22/2014,18,9,36,36
8/23/2014,23,8,29,29
8/24/2014,20,9,24,24
8/25/2014,25,8,22,25
8/26/2014,21,8,18,21
8/27/2014,18,9,20,20
8/28/2014,19,8,18,19
8/29/2014,17,8,23,23
8/30/2014,20,8,23,23
8/31/2014,25,9,23,25
9/1/2014,20,12,27,27
9/2/2014,28,10,28,28
9/3/2014,26,11,29,29
9/4/2014,30,11,32,32
9/5/2014,23,16,30,30
9/6/2014,37,14,31,37
9/7/2014,38,16,26,38
9/8/2014,40,16,24,40
9/9/2014,40,17,25,40
9/10/2014,54,20,27,54
9/11/2014,60,18,28,60
9/12/2014,59,11,27,59
9/13/2014,31,13,25,31
9/14/2014,38,19,18,38
9/15/2014,52,24,22,52
9/16/2014,59,29,15,59
9/17/2014,66,25,22,66
9/18/2014,58,30,15,58
9/19/2014,70,36,23,70
9/20/2014,79,32,30,79
9/21/2014,74,31,19,74
9/22/2014,78,6,19,78
9/23/2014,12,7,21,21
9/24/2014,15,12,22,22
9/25/2014,35,15,23,35
9/26/2014,42,6,24,42
9/27/2014,13,9,22,22
9/28/2014,18,10,21,21
9/29/2014,20,11,21,21
9/30/2014,25,14,12,25
5/2/2014,17,6,33,33
5/3/2014,13,4,32,32
5/4/2014,11,5,23,23
5/5/2014,16,12,27,27
5/6/2014,20,21,31,31
5/7/2014,32,12,29,32
5/8/2014,33,13,24,33
5/9/2014,36,8,28,36
5/10/2014,19,8,31,31
5/11/2014,21,12,25,25
5/12/2014,24,11,16,24
5/13/2014,21,9,31,31
5/14/2014,14,10,24,24
5/15/2014,17,14,21,21
5/16/2014,22,19,35,35
5/17/2014,39,16,41,41
5/18/2014,35,37,42,42
5/19/2014,66,24,32,66
5/20/2014,48,19,22,48
5/21/2014,44,16,41,44
5/22/2014,28,21,38,38
5/23/2014,48,23,37,48
5/24/2014,52,32,32,52
5/25/2014,59,16,35,59
5/26/2014,24,6,17,24
5/27/2014,9,5,16,16
5/28/2014,6,5,17,17
5/29/2014,7,8,14,14
5/30/2014,19,8,16,19
5/31/2014,17,6,25,25
6/1/2014,11,11,20,20
6/2/2014,18,14,19,19
6/3/2014,31,34,28,34
6/4/2014,58,45,36,58
6/5/2014,54,38,25,54
6/6/2014,62,19,36,62
6/7/2014,39,9,40,40
6/8/2014,24,13,35,35
6/9/2014,29,14,22,29
6/10/2014,35,8,22,35
6/11/2014,17,5,25,25
6/12/2014,8,6,20,20
6/13/2014,16,6,20,20
6/14/2014,9,6,25,25
6/15/2014,14,6,23,23
6/16/2014,10,7,16,16
6/17/2014,12,6,22,22
6/18/2014,11,6,22,22
6/19/2014,7,5,21,21
6/20/2014,12,4,24,24
6/21/2014,11,4,24,24
6/22/2014,12,5,22,22
6/23/2014,14,7,20,20
6/24/2014,19,9,17,19
6/25/2014,24,11,21,24
6/26/2014,27,9,21,27
6/27/2014,25,7,25,25
6/28/2014,22,8,26,26
6/29/2014,23,5,13,23
6/30/2014,15,6,14,15
1/28/2022,0,2,28,28
3/31/2020,0,8,32,32
12/31/2019,0,5,25,25
12/31/2018,0,2,26,26
1/27/2019,0,11,24,24
11/17/2018,0,8,26,26
5/19/2018,0,12,35,35
12/31/2017,0,6,17,17
2/1/2018,0,7,16,16
9/10/2017,0,5,24,24
1/22/2017,0,4,18,18
9/22/2016,0,8,18,18
9/23/2016,0,11,21,21
1/3/2016,0,10,18,18
1/5/2016,0,12,11,12
10/4/2015,0,7,19,19
11/10/2015,0,13,17,17
12/31/2014,0,11,21,21
10/26/2014,0,11,21,21
9/21/2016,0,0,11,11
