city,date,tempmax,tempmin,temp,feelslikemax,feelslikemin,feelslike,dew,humidity,precip,precipprob,precipcover,snow,snowdepth,windgust,windspeed,winddir,pressure,cloudcover,visibility,solarradiation,solarenergy,uvindex,conditions
Helsinki,9/1/2021,18.1,14.6,16.3,18.1,14.6,16.3,11.7,74.4,0,0,0,0,0,0,17.2,36,1030.7,95.5,25.6,62.2,5.3,2,Overcast
Helsinki,9/2/2021,19.6,15.5,17,19.6,15.5,17,11.8,72.2,0,0,0,0,0,0,21.1,48.5,1027.8,90.4,20.9,78,6.6,4,Overcast
Helsinki,9/3/2021,21.1,14.6,17.7,21.1,14.6,17.7,12.8,73.2,0,0,0,0,0,0,15.1,66.7,1021.9,72.4,15.1,72.6,6.3,3,Partially cloudy
Helsinki,9/4/2021,19.1,14.5,16.8,19.1,14.5,16.8,13,78.9,0,0,0,0,0,0,15.4,68,1018.9,79.7,12.8,47.5,4.2,2,Partially cloudy
Helsinki,9/5/2021,25.1,14.1,18.9,25.1,14.1,18.9,14.2,75.4,0,0,0,0,0,0,10.5,76.1,1020.4,45.8,10.7,95.1,8.2,6,Partially cloudy
Helsinki,9/6/2021,27.6,14.6,20.2,28.2,14.6,20.2,15.9,78.6,0,0,0,0,0,27.7,7.1,112.7,1023,23.9,15,106.2,9.2,5,Partially cloudy
Helsinki,9/7/2021,29.5,15.6,21.8,29.1,15.6,21.8,14.8,69.2,0,0,0,0,0,0,14.4,110.4,1020.9,2.1,21,106.9,9,6,Clear
Helsinki,9/8/2021,28.5,16.5,21.6,28.4,16.5,21.6,14.9,68.3,0,0,0,0,0,0,18.8,109.2,1013,19.6,19.3,109.7,9.3,6,Clear
Helsinki,9/9/2021,22.1,16.5,19,22.1,16.5,19,16.4,85.5,4.187,100,8.33,0,0,0,21,199.8,1008.6,78.9,17.4,72.4,6.2,4,"Rain, Partially cloudy"
Helsinki,9/10/2021,22.1,17.1,18.9,22.1,17.1,18.9,16.1,84.2,1.007,100,8.33,0,0,0,19,219.1,1010.5,78.6,22.3,46.4,4,2,"Rain, Partially cloudy"
Helsinki,9/11/2021,22.6,16.5,19.1,22.6,16.5,19.1,14.2,74.6,0.001,100,4.17,0,0,0,17.8,248.8,1016.1,72.2,25.9,68.7,5.9,5,"Rain, Partially cloudy"
Helsinki,9/12/2021,21.1,12.5,16.8,21.1,12.5,16.8,11.7,73.1,0,0,0,0,0,0,9.1,349.1,1018.7,58,28.1,87.4,7.7,5,Partially cloudy
Helsinki,9/13/2021,20.2,14.1,17.2,20.2,14.1,17.2,12.5,74.6,0,0,0,0,0,35.3,17.5,89.1,1017.8,65.9,28.4,83.5,7.2,4,Partially cloudy
Helsinki,9/14/2021,19.5,16.1,17.3,19.5,16.1,17.3,16,91.8,19.944,100,12.5,0,0,0,11.3,56.3,1011.9,83.9,9,24.3,2,1,"Rain, Partially cloudy"
Helsinki,9/15/2021,20,14.1,17.1,20,14.1,17.1,13.7,81,0.001,100,4.17,0,0,0,13.7,351.9,1014.1,69.3,15.7,58.2,5,3,"Rain, Partially cloudy"
Helsinki,9/16/2021,23.3,11.6,17,23.3,11.6,17,13.1,79.8,0,0,0,0,0,0,11.1,243.5,1017.5,21.3,15.1,98.1,8.4,6,Partially cloudy
Helsinki,9/17/2021,21.1,13.3,17,21.1,13.3,17,13,79.1,0,0,0,0,0,0,0.1,202.7,1014.8,52.8,19,88,7.7,5,Partially cloudy
Helsinki,9/18/2021,24,13.6,18.3,24,13.6,18.3,13.3,75.1,0,0,0,0,0,0,0.1,152,1014,51.3,22.4,82,7.1,4,Partially cloudy
Helsinki,9/19/2021,20.3,15.6,17.4,20.3,15.6,17.4,14.8,85.4,2.995,100,8.33,0,0,0,0.1,314.3,1014.4,65.8,16.2,63.4,5.5,4,"Rain, Partially cloudy"
Helsinki,9/20/2021,19.1,13,16.1,19.1,13,16.1,12.3,78.7,0,0,0,0,0,0,0.1,347,1022.5,61.5,23.8,41.9,3.7,2,Partially cloudy
Helsinki,9/21/2021,21.1,11.6,15.7,21.1,11.6,15.7,11.6,78.8,0,0,0,0,0,0,0.1,287.5,1030.1,40.6,18.5,94.7,8.3,6,Partially cloudy
Helsinki,9/22/2021,22.1,11.1,16,22.1,11.1,16,11.9,78.5,0.199,100,4.17,0,0,0,0.1,247.6,1027.8,17.6,19.7,85.8,7.2,5,Rain
Helsinki,9/23/2021,20.8,12.1,16.2,20.8,12.1,16.2,13.2,82.7,0,0,0,0,0,0,0.1,251.2,1020.6,45.7,26.5,83.4,7.3,5,Partially cloudy
Helsinki,9/24/2021,23.1,13.1,17.4,23.1,13.1,17.4,13.4,79.2,0,0,0,0,0,0,0.1,239.3,1016.3,42.6,22.6,82.5,7.3,6,Partially cloudy
Helsinki,9/25/2021,18.6,14.3,16.8,18.6,14.3,16.8,15.2,90.4,0,0,0,0,0,0,0.1,241.9,1014.3,74.1,13.8,28.8,2.6,1,Partially cloudy
Helsinki,9/26/2021,22.1,13.6,17.2,22.1,13.6,17.2,14.3,84.3,0,0,0,0,0,0,0.2,204.4,1011.8,67.9,16.4,50,4.1,2,Partially cloudy
Helsinki,9/27/2021,18.1,12.8,16.2,18.1,12.8,16.2,11.3,73.8,4.007,100,8.33,0,0,59.6,0.2,227.5,1010.6,51.1,26.9,65.9,5.7,4,"Rain, Partially cloudy"
Helsinki,9/28/2021,17.8,11,14.1,17.8,11,14.1,10.7,80.5,2.006,100,8.33,0,0,61.2,0.2,194.6,1016,56.3,21,51.3,4.4,2,"Rain, Partially cloudy"
Helsinki,9/29/2021,16,9,12,16,9,12,7.2,74.4,13.012,100,8.33,0,0,51.8,14.2,296.7,1019.1,30.8,35.7,100.8,8.7,5,"Rain, Partially cloudy"
Helsinki,9/30/2021,16.1,7.6,12.6,16.1,7.6,12.6,9.5,81.6,0.201,100,8.33,0,0,51.8,0.2,213.2,1021,76,20,44.9,3.9,2,"Rain, Partially cloudy"
Helsinki,10/1/2021,17.6,10.1,14.8,17.6,10.1,14.8,11.1,79.4,10.772,100,12.5,0,0,56.3,0.2,233.6,1010.3,59.2,20.7,65,5.4,3,"Rain, Partially cloudy"
Helsinki,10/2/2021,17,8.1,12.2,17,8.1,12.2,10.1,87.1,14.04,100,8.33,0,0,63.5,0.2,179,999.1,67.6,19.9,18,1.6,1,"Rain, Partially cloudy"
Helsinki,10/3/2021,17.1,10.6,13.1,17.1,10.6,13.1,9.3,79.2,2.799,100,8.33,0,0,53,0.2,232.2,997.5,43.4,34.5,48.2,4.1,3,"Rain, Partially cloudy"
Helsinki,10/4/2021,17.1,10.6,13.1,17.1,10.6,13.1,10.1,82.8,2.211,100,12.5,0,0,57.6,0.2,203.6,1008.3,48.7,24.8,102.6,8.9,4,"Rain, Partially cloudy"
Helsinki,10/5/2021,14.6,11.1,12.9,14.6,11.1,12.9,9.5,80.8,36.648,100,16.67,0,0,54.2,0.2,252.5,1002.4,59.2,29.6,60.2,5.3,3,"Rain, Partially cloudy"
Helsinki,10/6/2021,17.3,10,12.6,17.3,10,12.6,7.5,72.4,0,0,0,0,0,48.2,0.2,282.1,1018.2,20.1,35.9,119.2,10.3,5,Partially cloudy
Helsinki,10/7/2021,17.8,11.6,15.4,17.8,11.6,15.4,13.6,89.3,0.198,100,4.17,0,0,0,0.1,202.8,1026,89,14.9,40.2,3.4,2,"Rain, Partially cloudy"
Helsinki,10/8/2021,17.6,13.3,15.9,17.6,13.3,15.9,13.8,87.5,0.001,100,4.17,0,0,0,0.1,120.9,1029.5,97.1,14.3,36.4,3.1,1,"Rain, Overcast"
Helsinki,10/9/2021,19.5,9.3,13.6,19.5,9.3,13.6,10.7,84.3,0.001,100,4.17,0,0,0,3.9,23,1028.6,37.8,6.5,71.2,6.1,4,"Rain, Partially cloudy"
Helsinki,10/10/2021,19.1,9.8,13.6,19.1,9.8,13.6,10.7,83.7,0.199,100,4.17,0,0,0,0.1,345.8,1029.4,57.3,15.8,34.4,3,1,"Rain, Partially cloudy"
Helsinki,10/11/2021,15.8,9.3,11.7,15.8,9.3,11.7,7.9,78.4,0,0,0,0,0,0,0.1,320.5,1030.6,24.7,23.1,81.5,7.1,4,Partially cloudy
Helsinki,10/12/2021,15.6,7.8,11.6,15.6,7.8,11.6,9.4,86.8,0.002,100,4.17,0,0,0,0.1,311,1026.1,53.4,19.3,59.4,5,3,"Rain, Partially cloudy"
Helsinki,10/13/2021,15.8,7.8,11.9,15.8,7.8,11.9,9.1,83.3,0,0,0,0,0,0,10.7,315.7,1027.8,69.8,26.5,78,6.8,4,Partially cloudy
Helsinki,10/14/2021,17.6,10,13.6,17.6,10,13.6,10.6,83.3,0,0,0,0,0,0,0.1,247.7,1024,78.5,21.5,69.4,6.2,3,Partially cloudy
Helsinki,10/15/2021,14.1,9.6,12.9,14.1,9.6,12.9,8.9,77.2,0,0,0,0,0,22.3,0.1,316.6,1020.3,88.4,23.8,51.1,4.3,3,Partially cloudy
Helsinki,10/16/2021,15.6,8.5,11.8,15.6,8.5,11.8,9.8,87.7,0.801,100,4.17,0,0,0,0.1,168.7,1020.6,67,20,29.8,2.7,1,"Rain, Partially cloudy"
Helsinki,10/17/2021,16.8,10.6,13.1,16.8,10.6,13.1,10.9,86.9,0,0,0,0,0,0,0.1,192.2,1017.5,47.4,19.1,33.1,2.9,2,Partially cloudy
Helsinki,10/18/2021,17.1,9.3,13.6,17.1,9.3,13.6,12.5,93.4,0.801,100,8.33,0,0,38.9,0.1,187.5,1016.4,68.4,10.7,38.9,3.3,2,"Rain, Partially cloudy"
Helsinki,10/19/2021,20.1,16.6,18,20.1,16.6,18,15.6,86.2,0.205,100,8.33,0,0,58.1,0.2,220,1012.1,94.2,9.6,53.1,4.6,4,"Rain, Overcast"
Helsinki,10/20/2021,18.6,11,15.7,18.6,11,15.7,12.9,83.8,0.517,100,12.5,0,0,62.7,21.9,227.9,999.2,68.8,15.4,59.5,5.3,3,"Rain, Partially cloudy"
Helsinki,10/21/2021,12.3,6,9.4,12.3,6,9.4,4.9,74.8,20.004,100,4.17,0,0,54.6,0.2,293.8,1007,40,31.3,75.4,6.3,3,"Rain, Partially cloudy"
Helsinki,10/22/2021,13,5.2,9.2,13,5.2,9.2,5.6,79.5,0,0,0,0,0,0,0.2,269.5,1020.9,48.9,30.7,70.4,5.9,5,Partially cloudy
Helsinki,10/23/2021,13.6,9.5,11.5,13.6,9.5,11.5,7.1,75.2,0,0,0,0,0,0,0.1,188.2,1025,92.9,33.6,36,3,2,Overcast
Helsinki,10/24/2021,15.1,12.1,13.2,15.1,12.1,13.2,8.2,71.9,0.001,100,4.17,0,0,0,0.1,190.6,1018.3,85,31.6,46.8,4.1,4,"Rain, Partially cloudy"
Helsinki,10/25/2021,15.8,9.1,12.6,15.8,9.1,12.6,10.3,86.3,1.989,100,12.5,0,0,0,0.1,230.8,1015.2,35.2,21.5,59.5,5.1,3,"Rain, Partially cloudy"
Helsinki,10/26/2021,16.6,9.1,13.1,16.6,9.1,13.1,11.2,88.6,0.994,100,8.33,0,0,0,0.1,226.4,1018.2,79,19.8,49.8,4.3,3,"Rain, Partially cloudy"
Helsinki,10/27/2021,17.1,14.3,15.4,17.1,14.3,15.4,11.6,78.1,0,0,0,0,0,50.2,0.2,221.5,1018.3,87.7,28.1,60.3,5.2,3,Partially cloudy
Helsinki,10/28/2021,15.6,12.1,13.9,15.6,12.1,13.9,10.5,80.5,0,0,0,0,0,42.5,0.2,187,1009.2,68.2,27.5,71.4,6.1,3,Partially cloudy
Helsinki,10/29/2021,15.3,10.6,13.5,15.3,10.6,13.5,10.3,81.2,3.408,100,8.33,0,0,56,0.2,195.6,998.7,66.9,21.6,43.1,3.6,2,"Rain, Partially cloudy"
Helsinki,10/30/2021,14.6,9.8,11.7,14.6,9.8,11.7,8.9,83.3,3.206,100,12.5,0,0,40.7,0.1,198.5,997.1,40.2,25.3,37.3,3.2,2,"Rain, Partially cloudy"
Helsinki,10/31/2021,14.8,8.6,11.7,14.8,8.6,11.7,8.3,80.2,8.038,100,4.17,0,0,64.8,0.3,198.7,993.5,42.9,22.9,19.3,1.7,1,"Rain, Partially cloudy"
Helsinki,11/1/2021,13.6,6.1,10.2,13.6,6.1,10.2,5.7,74.1,0.002,100,8.33,0,0,48.2,18.5,241,994.6,25.6,29.3,46.3,3.9,3,"Rain, Partially cloudy"
Helsinki,11/2/2021,12.5,3.5,6.7,12.5,3.5,6.7,4.5,87.5,0.001,100,4.17,0,0,0,0.1,248,999,13.3,23,47.5,4.1,3,Rain
Helsinki,11/3/2021,9.8,2.1,6.5,9.8,2.1,6.5,4.8,89,0.201,100,8.33,0,0,0,0.1,337.2,1004.4,52.5,15.9,40.4,3.6,2,"Rain, Partially cloudy"
Helsinki,11/4/2021,10.1,5.6,8,10.1,5.6,8,4.2,77.3,0.002,100,4.17,0,0,0,0.1,334.1,1014.7,74.1,32.8,21.2,1.8,1,"Rain, Partially cloudy"
Helsinki,11/5/2021,9.8,0.8,6.2,9.8,0.8,6.2,3.3,82.7,0,0,0,0,0,0,0.1,257.1,1026.4,46.3,18.6,43.3,3.8,3,Partially cloudy
Helsinki,11/6/2021,12.8,8.6,11.1,12.8,8.6,11.1,8.1,81.8,0,0,0,0,0,50,0.2,241.6,1024.9,82.8,29.3,28.7,2.5,1,Partially cloudy
Helsinki,11/7/2021,13.1,6.1,9.9,13.1,6.1,9.9,5,72.8,0,0,0,0,0,48.2,11.9,294.8,1021.2,18.9,23.8,40.1,3.5,2,Clear
Helsinki,11/8/2021,12.1,3.8,8.4,12.1,3.8,8.4,6.1,86.5,0,0,0,0,0,0,0.1,225.4,1023.8,54.7,15.9,29.4,2.6,2,Partially cloudy
Helsinki,11/9/2021,15.6,10.3,12.7,15.6,10.3,12.7,10.1,85,0.199,100,4.17,0,0,0,0.1,226.1,1023.4,65.4,27,38.2,3.3,3,"Rain, Partially cloudy"
Helsinki,11/10/2021,13,9.4,11.9,13,9.4,11.9,11,94.4,0.6,100,8.33,0,0,0,0.1,221.7,1023,94.2,13.4,15.5,1.3,1,"Rain, Overcast"
Helsinki,11/11/2021,15.8,10.1,12.1,15.8,10.1,12.1,9.9,86.7,0.001,100,4.17,0,0,0,0.1,204.7,1022.6,77.1,15.2,40.3,3.6,3,"Rain, Partially cloudy"
Helsinki,11/12/2021,15.1,9.8,12.1,15.1,9.8,12.1,10,86.9,0.608,100,4.17,0,0,46.4,0.2,215.2,1011.8,76.9,13.8,20.8,1.9,1,"Rain, Partially cloudy"
Helsinki,11/13/2021,13.1,10.6,12.1,13.1,10.6,12.1,8,76.2,0.003,100,4.17,0,0,0,0.1,307.6,1015.7,90.1,36.4,17,1.5,1,"Rain, Overcast"
Helsinki,11/14/2021,13.6,10.5,12,13.6,10.5,12,9.2,83.3,0.201,100,8.33,0,0,0,0.1,11.3,1023.8,85.8,20.2,21.2,1.8,1,"Rain, Partially cloudy"
Helsinki,11/15/2021,11.8,10.3,11.3,11.8,10.3,11.3,7.4,77,0,0,0,0,0,0,7.2,31,1026.9,92.5,12.8,10.1,0.7,0,Overcast
Helsinki,11/16/2021,12,5.3,9.7,12,5.3,9.7,6.2,79.7,0,0,0,0,0,0,0.1,221.8,1022.9,72,14.8,33.2,2.8,3,Partially cloudy
Helsinki,11/17/2021,12.1,6.1,8.6,12.1,6.1,8.6,6.3,86.4,0.199,100,4.17,0,0,0,0.1,272.3,1024.2,22.6,15.5,30,2.5,3,"Rain, Partially cloudy"
Helsinki,11/18/2021,13.6,5.4,10,13.6,5.4,10,7.9,86.7,0,0,0,0,0,0,0.1,249.8,1029,62.6,23,33.1,2.8,2,Partially cloudy
Helsinki,11/19/2021,12.3,10.8,11.5,12.3,10.8,11.5,9.3,86,0,0,0,0,0,0,0.1,267.1,1030.7,97.4,20.7,12,1.1,1,Overcast
Helsinki,11/20/2021,10.8,9.3,10.4,10.8,9.3,10.4,7.6,82.9,0,0,0,0,0,0,0.1,268.4,1024.1,95.5,21.2,8.2,0.6,0,Overcast
Helsinki,11/21/2021,9.6,4.6,7.3,9.6,4.6,7.3,3.2,75.5,0,0,0,0,0,50,0.2,356.9,1019.5,48.6,31.2,24.6,2,2,Partially cloudy
Helsinki,11/22/2021,9.8,4.6,6.6,9.8,4.6,6.6,3.3,79.9,0,0,0,0,0,0,0.1,22.4,1029.8,10.7,26.4,27.5,2.3,2,Clear
Helsinki,11/23/2021,9.3,2.5,5.6,9.3,2.5,5.6,3.5,87,0,0,0,0,0,0,0.1,15,1032.3,22.7,9.3,21.9,1.8,1,Partially cloudy
Helsinki,11/24/2021,7.6,2.9,5.8,7.6,2.9,5.8,3.9,87.9,0,0,0,0,0,0,0.1,279.5,1022.1,92.2,7.2,12.9,1.1,1,Overcast
Helsinki,11/25/2021,7.5,3.1,5.6,7.5,3.1,5.6,1.3,74.1,0.001,100,4.17,0,0,0,0.1,330.6,1016.3,38.7,25.8,26.4,2.3,2,"Rain, Partially cloudy"
Helsinki,11/26/2021,9.5,2.5,5.4,9.5,2.5,5.4,2,78.5,0.206,100,4.17,0,0,51.8,0.2,272.8,996.2,61.2,30.5,19,1.6,1,"Rain, Partially cloudy"
Helsinki,11/27/2021,5.3,2.9,4.1,5.3,2.9,4.1,1.3,82.1,4.408,100,12.5,0,0,64.7,0.2,330.5,993.6,90.7,25.3,15.2,1.4,1,"Rain, Overcast"
Helsinki,11/28/2021,4.5,0.6,2.3,4.5,0.6,2.3,-3,68.8,0,0,0,0,0,48.2,0.2,325,1006.7,31.2,34.4,24.3,2,2,Partially cloudy
Helsinki,11/29/2021,3.8,-2.2,1.1,3.8,-2.2,1.1,-0.7,87.6,0.001,100,4.17,0,0,0,0.1,272.1,1014.5,55.1,15.2,22.8,1.9,1,"Rain, Partially cloudy"
Helsinki,11/30/2021,11.8,5.1,9.7,11.8,5.1,9.7,7.2,84.6,0,0,0,0,0,53.6,0.2,251.1,1010.3,87,29.5,12,1.1,1,Partially cloudy
Helsinki,12/1/2021,11.1,4,8.5,11.1,4,8.5,5,79.2,2.188,100,12.5,0,0,59.4,0.2,289.3,999,68.3,30.7,22.3,2,2,"Rain, Partially cloudy"
Helsinki,12/2/2021,5.3,1.1,3.1,5.3,1.1,3.1,-1.6,71.6,0.003,100,8.33,0,0,0,0.2,306.7,1011.7,30.4,35.3,23.4,2,2,"Rain, Partially cloudy"
Helsinki,12/3/2021,9.3,2,6.1,9.3,2,6.1,4.3,88.3,0.403,100,8.33,0,0,48.2,13.8,279.8,1004.9,86.8,15.4,14.5,1.2,1,"Rain, Partially cloudy"
Helsinki,12/4/2021,8.1,3.6,6.1,8.1,3.6,6.1,3.2,82.6,2.399,100,8.33,0,0,53.4,0.2,269.1,998,56.4,20.1,23.6,2,1,"Rain, Partially cloudy"
Helsinki,12/5/2021,7.1,4.4,5.8,7.1,4.4,5.8,3.5,85.6,4.578,100,12.5,0,0,53.6,0.2,322.7,1006,84.4,24.3,7.8,0.7,0,"Rain, Partially cloudy"
Helsinki,12/6/2021,6.9,3.1,4.7,6.9,3.1,4.7,3,88.5,0.603,100,8.33,0,0,50,0.2,255.1,1010,54.7,18.5,8.7,0.7,0,"Rain, Partially cloudy"
Helsinki,12/7/2021,8.1,1.4,4.9,8.1,1.4,4.9,2.9,87.6,6.018,100,8.33,0,0,58.5,0.2,187.6,997.7,56.4,20.5,8.3,0.8,0,"Rain, Partially cloudy"
Helsinki,12/8/2021,8.3,5.6,6.7,8.3,2.5,6.6,1.6,70.1,0.002,100,8.33,0,0,54.6,25.8,229.3,991.2,52.6,23.8,25.8,2.3,2,"Rain, Partially cloudy"
Helsinki,12/9/2021,8.3,3.6,6.4,8.3,3.6,6.4,2.7,77.4,0,0,0,0,0,46.4,0.1,224.4,999.2,64.8,21.2,22.8,1.9,1,Partially cloudy
Helsinki,12/10/2021,8.1,3.5,6.4,8.1,3.5,6.4,2.6,77.3,6.023,100,12.5,0,0,53.5,0.2,304.2,999.1,51.4,29.4,22.2,1.9,1,"Rain, Partially cloudy"
Helsinki,12/11/2021,10.8,1.7,5.8,10.8,1.7,5.8,4,88.7,1.996,100,4.17,0,0,0,0.1,231.3,1015.6,69.1,17.4,17.1,1.4,1,"Rain, Partially cloudy"
Helsinki,12/12/2021,13.3,10.6,11.9,13.3,10.6,11.9,10.2,89.4,0.6,100,12.5,0,0,0,0.1,222,1019.7,90.3,18.3,13.2,1.1,1,"Rain, Overcast"
Helsinki,12/13/2021,11.8,9.8,10.9,11.8,9.8,10.9,8.6,85.8,0.199,100,4.17,0,0,0,0.1,206.8,1023.4,90.5,26.6,17.5,1.5,1,"Rain, Overcast"
Helsinki,12/14/2021,12.8,9.6,11.2,12.8,9.6,11.2,9.2,87.4,0,0,0,0,0,0,0.1,221,1026.7,92,16.2,15.4,1.3,1,Overcast
Helsinki,12/15/2021,13.1,10.1,12.1,13.1,10.1,12.1,8.6,79.3,0,0,0,0,0,0,0.1,240.3,1030.7,95,27,8.6,0.7,0,Overcast
Helsinki,12/16/2021,12.1,10.8,11.5,12.1,10.8,11.5,6.6,72.1,0,0,0,0,0,0,3.6,315,1038,99.7,30.7,5.4,0.4,0,Overcast
Helsinki,12/17/2021,11.5,7.4,9.3,11.5,7.4,9.3,6.5,83.3,0,0,0,0,0,27.7,0.1,67.1,1040.4,97.9,17.9,8.6,0.6,0,Overcast
Helsinki,12/18/2021,8.8,7.5,8.3,8.8,7.5,8.3,7.2,92.4,0,0,0,0,0,31.7,0.1,77.8,1039.1,100,7.1,6.2,0.5,0,Overcast
Helsinki,12/19/2021,7.3,3.8,5.3,7.3,2.7,5.2,4.7,96,0,0,0,0,0,0,9.1,20.5,1034.6,99.7,3.1,11.6,1,1,Overcast
Helsinki,12/20/2021,7.6,6.3,6.9,7.6,6.3,6.9,3.2,77.6,0.002,100,8.33,0,0,0,0.1,59.8,1028.8,97.1,17.6,16,1.3,1,"Rain, Overcast"
Helsinki,12/21/2021,6.5,1.3,5.2,6.5,1.3,5.2,1,74.7,0,0,0,0,0,0,0.1,101.1,1025.3,83.1,19.2,12,1,1,Partially cloudy
Helsinki,12/22/2021,5.1,1,3.1,5.1,1,3,0.2,81,0,0,0,0,0,0,8.9,150.1,1019.2,42.1,15.1,18,1.5,1,Partially cloudy
Helsinki,12/23/2021,10.8,4.5,8.3,10.8,4.5,8.3,6.8,90,0.002,100,8.33,0,0,0,0.1,206.5,1008.2,81.9,10.1,12.1,1.1,1,"Rain, Partially cloudy"
Helsinki,12/24/2021,10.6,6.3,8.8,10.6,6.3,8.8,7.9,94.7,14.296,100,45.83,0,0,0,0.1,168.1,1004.3,82.6,8.6,15.3,1.5,1,"Rain, Partially cloudy"
Helsinki,12/25/2021,8.6,5.8,7.3,8.6,3.6,7.2,6.4,93.5,3.069,100,33.33,0,0,0,21.4,94.6,1003.5,98.3,7.5,6.9,0.5,0,"Rain, Overcast"
Helsinki,12/26/2021,8.9,5.5,7.4,8.9,5.5,7.4,7,97.6,12.988,100,45.83,0,0,0,0.1,108.3,1000.6,94.8,5.2,8.9,0.7,0,"Rain, Overcast"
Helsinki,12/27/2021,11.3,8,9.6,11.3,8,9.6,8.8,95,2.393,100,33.33,0,0,37.1,0.1,155.6,992.3,88.4,7.9,8.8,0.6,1,"Rain, Partially cloudy"
Helsinki,12/28/2021,11.6,9.1,10.5,11.6,9.1,10.5,7.7,83.6,1.019,100,20.83,0,0,66.2,0.2,255.5,992.6,88.7,26.2,13.3,1.1,1,"Rain, Partially cloudy"
Helsinki,12/29/2021,15.1,7.8,11.3,15.1,7.8,11.3,9.3,87.6,1.407,100,25,0,0,55.2,0.2,223.6,1004.4,80.1,17.4,11.5,0.9,1,"Rain, Partially cloudy"
Helsinki,12/30/2021,14.8,13.6,14.3,14.8,13.6,14.3,11.9,85.6,0.001,100,4.17,0,0,53.6,0.2,228.3,1012.6,94.7,23.3,9.7,0.7,0,"Rain, Overcast"
Helsinki,12/31/2021,15,12.8,13.8,15,12.8,13.8,11.1,83.7,1.207,100,16.67,0,0,50,0.2,221.7,1016.8,88.9,19.4,16,1.3,1,"Rain, Partially cloudy"
Helsinki,1/1/2022,16.1,13.1,13.8,16.1,13.1,13.8,10.9,82.9,0.015,100,4.17,0,0,46.4,0.2,204.3,1017.5,74.5,15.4,22.6,2,1,"Rain, Partially cloudy"
Helsinki,1/2/2022,13.3,9.8,11.8,13.3,9.8,11.8,9,83,1.406,100,16.67,0,0,52,0.2,232.7,1010.6,67.9,24,17.3,1.5,1,"Rain, Partially cloudy"
Helsinki,1/3/2022,11,9.1,9.9,11,9.1,9.9,7,81.8,0,0,0,0,0,46.4,0.2,229.2,1008,59,20.1,17.7,1.6,1,Partially cloudy
Helsinki,1/4/2022,9,2.1,5.7,9,0.3,5.4,3,83,4.39,100,16.67,0,0,0,16.7,350.7,1001.4,59.8,21.7,12.3,0.9,1,"Rain, Partially cloudy"
Helsinki,1/5/2022,6.5,1.1,3.4,6.5,1.1,3.4,-0.4,76.6,0,0,0,0,0,0,0.1,289.9,1013.8,10.2,27.3,22.7,2.2,2,Clear
Helsinki,1/6/2022,7.3,-1.9,3,7.3,-1.9,3,0.9,86.9,1.193,100,12.5,0,0,57.6,3.4,264.2,1016.6,48.6,17.8,19.3,1.7,1,"Rain, Partially cloudy"
Helsinki,1/7/2022,6.3,1.1,4.4,6.3,1.1,4.4,1.4,81,0.407,100,4.17,0,0,55.4,0.2,255.3,1010.7,36.2,31.8,23.8,2.2,2,"Rain, Partially cloudy"
Helsinki,1/8/2022,10,1.3,6.4,10,-1,6.2,4.7,89.4,6.995,100,41.67,0,0,51.4,8.7,215.4,1001.6,69.8,17.2,7.6,0.7,0,"Rain, Partially cloudy"
Helsinki,1/9/2022,7.7,2.3,4.6,7.7,2.3,4.5,1.7,81.9,0.001,100,4.17,0,0,0,14.8,262.9,1003.1,17.8,22.6,24.2,2.1,2,Rain
Helsinki,1/10/2022,9.1,1.6,5.9,9.1,1.6,5.9,4.9,93.4,0.199,100,4.17,0,0,36.7,6.6,158.1,1018.5,73.6,10.9,12.5,1,1,"Rain, Partially cloudy"
Helsinki,1/11/2022,10.5,8.6,9.5,10.5,8.6,9.5,8.3,92.6,1.405,100,37.5,0,0,36.7,0.1,211.3,1029.9,97.6,6.8,9.1,0.8,0,"Rain, Overcast"
Helsinki,1/12/2022,8.1,2.3,5.4,8.1,2.3,5.4,3.7,89,0.001,100,4.17,0,0,21.2,0,180,1040.6,18.4,10.3,25.1,2.2,2,Rain
Helsinki,1/13/2022,8.4,1.1,3.7,8.4,1.1,3.7,2.2,91,0.2,100,4.17,0,0,11.9,3.6,250,1041.2,11,14,23.8,2,2,Rain
Helsinki,1/14/2022,8.9,0,3.5,8.9,0,3.5,2,90.4,0.005,100,4.17,0,0,6.5,4.7,117.4,1036.1,2.6,18.5,24.6,2,2,Rain
Helsinki,1/15/2022,5.6,2.3,4.1,5.6,2.3,4.1,2.8,91.1,0.199,100,4.17,0,0,21.2,4.8,199.5,1026.5,54.6,7.2,22.8,2,1,"Rain, Partially cloudy"
Helsinki,1/16/2022,9.1,4.1,6.4,9.1,4.1,6.4,4.8,89.5,0,0,0,0,0,32,0.1,287.9,1027.1,62.8,9.6,18.4,1.5,1,Partially cloudy
Helsinki,1/17/2022,8.8,0.8,3.8,8.8,0.8,3.8,1.7,86.6,0,0,0,0,0,33.1,0.1,273.2,1037.7,0.5,17.8,26.1,2.2,2,Clear
Helsinki,1/18/2022,6.8,-1.2,3.1,6.8,-1.2,3.1,2.2,94.4,0.204,100,4.17,0,0,15.5,3.4,180,1037.3,57.1,9.4,31.2,2.7,1,"Rain, Partially cloudy"
Helsinki,1/19/2022,9.3,5.1,6.7,9.3,5.1,6.6,3.5,80.4,0,0,0,0,0,46.4,20.1,264.9,1028,67.8,20.6,24.5,2.1,2,Partially cloudy
Helsinki,1/20/2022,6.1,2.1,4.3,6.1,2.1,4.1,-1,69.3,0,0,0,0,0,42.1,15.5,0.1,1035.9,40.2,25.2,34.1,2.9,2,Partially cloudy
Helsinki,1/21/2022,4.6,-1.2,2.8,4.6,-1.2,2.7,-0.9,77.3,0,0,0,0,0,30.2,13.5,271.1,1039.2,60.9,25.2,19.6,1.7,1,Partially cloudy
Helsinki,1/22/2022,6.8,1.7,5.2,6.8,1.7,5.1,2.1,80.5,0,0,0,0,0,32,10.7,315.3,1037.5,87.5,20.4,18.4,1.7,1,Partially cloudy
Helsinki,1/23/2022,6.6,5.6,6.2,6.6,5.4,6.2,2.2,75.3,0,0,0,0,0,8.3,6.6,191,1035.3,100,16.9,9.9,0.9,0,Overcast
Helsinki,1/24/2022,6,3.6,4.6,6,3.6,4.6,1.1,77.8,0,0,0,0,0,7.9,0.1,103,1033.6,100,11.2,8.5,0.8,0,Overcast
Helsinki,1/25/2022,3.6,2.1,2.8,3.6,1.5,2.8,0.4,83.6,0,0,0,0,0,15.5,4.9,193.8,1034.6,100,7.3,15.2,1.4,0,Overcast
Helsinki,1/26/2022,8.1,3.1,5.5,8.1,3.1,5.5,1.7,76.7,0,0,0,0,0,46.4,4.1,246.7,1032.9,87.8,13.2,20.7,1.8,1,Partially cloudy
Helsinki,1/27/2022,12.1,4.3,8.4,12.1,4.3,8.3,5,79.7,0,0,0,0,0,54.4,12.8,309.9,1028.8,55.8,27.7,21.5,2,1,Partially cloudy
Helsinki,1/28/2022,9.8,2.1,6.1,9.8,1.1,5.8,3.8,86.1,0.199,100,4.17,0,0,51.1,18.7,243.3,1034.4,53.9,24.3,32.4,2.7,2,"Rain, Partially cloudy"
Helsinki,1/29/2022,13.3,7.6,10.9,13.3,7.1,10.8,6.6,75.4,0,0,0,0,0,61.2,37.9,269.9,1028.5,72.5,19.4,42.8,3.6,3,Partially cloudy
Helsinki,1/30/2022,8.3,1.6,5.6,8.3,1.6,5.6,1.6,76.2,0.001,100,4.17,0,0,58.7,13.1,213.3,1029.9,32.4,14.9,41.5,3.6,3,"Rain, Partially cloudy"
Helsinki,1/31/2022,9.1,5.5,7.3,8.8,4.2,7,-0.1,60.9,0.004,100,8.33,0,0,76,33.9,313.3,1023.3,46.4,19.9,41.7,3.6,3,"Rain, Partially cloudy"
Helsinki,2/1/2022,14.3,5.8,10.4,14.3,5.8,10.4,6.1,74.9,0,0,0,0,0,56.2,19.3,280.6,1021.8,64.2,19.2,40.5,3.5,3,Partially cloudy
Helsinki,2/2/2022,11.8,8.5,10.2,11.8,6.6,10,7.1,81.4,0,0,0,0,0,48.2,24.3,263.4,1022.3,57.3,19.7,36.1,3.2,2,Partially cloudy
Helsinki,2/3/2022,10.1,7.6,9.2,10.1,6.6,9.1,5.5,77.5,0,0,0,0,0,46.8,12,229.7,1014.8,91.9,20,22.9,2,1,Overcast
Helsinki,2/4/2022,10.1,4,7.4,10.1,1.8,7,3,74.2,4.603,100,25,0,0,55.8,21.4,232.6,1011.6,58.4,18.8,28.3,2.2,2,"Rain, Partially cloudy"
Helsinki,2/5/2022,10.6,2.3,6.9,10.6,-0.3,6.6,2.9,75.8,0,0,0,0,0,57.6,29,252.7,1018.7,38.5,18.8,45.3,4,3,Partially cloudy
Helsinki,2/6/2022,12.1,7,9.6,12.1,3.8,9,4.8,72.5,2.402,100,37.5,0,0,77.8,34.6,257.1,1007.9,65.3,19.2,31.4,2.7,2,"Rain, Partially cloudy"
Helsinki,2/7/2022,11.1,2.3,7.3,11.1,1.2,6.9,3,74.9,0,0,0,0,0,50.8,17.8,251.8,1025.4,50.3,15.2,50.5,4.4,3,Partially cloudy
Helsinki,2/8/2022,12.6,10.1,11.2,12.6,10.1,11.2,6.4,72.6,0.001,100,4.17,0,0,48.2,0.2,242.3,1026.8,97.5,21.8,33.8,3,2,"Rain, Overcast"
Helsinki,2/9/2022,13.6,8.3,10.5,13.6,8.3,10.5,7.3,81.2,0.995,100,12.5,0,0,41.8,5.4,256.7,1023.7,82.4,18.4,45.1,3.8,3,"Rain, Partially cloudy"
Helsinki,2/10/2022,8.8,4.1,6.9,8.8,1.4,6.8,2.1,72.2,1.001,100,8.33,0,0,32.8,11,255.8,1023,52.1,19.3,38.6,3.5,2,"Rain, Partially cloudy"
Helsinki,2/11/2022,8.6,1.3,5,8.6,-0.9,4.7,0.4,73.3,0,0,0,0,0,40.7,10.5,259.2,1031.7,31.5,19.5,54,4.9,3,Partially cloudy
Helsinki,2/12/2022,9.5,3.3,6.1,9.5,1.8,6,1.2,71.8,0,0,0,0,0,55.4,7.3,177.2,1022,58.8,20,39.7,3.6,2,Partially cloudy
Helsinki,2/13/2022,10.1,7.5,8.5,10.1,7.5,8.5,6.2,85.2,9.979,100,41.67,0,0,70.6,0.2,194.7,1002,94.5,11.8,15.8,1.3,1,"Rain, Overcast"
Helsinki,2/14/2022,9.3,5.8,7.7,9.3,3.1,7.6,5,83,4.223,100,29.17,0,0,50,15.2,276.7,999.3,71.4,19.5,38.1,3.4,2,"Rain, Partially cloudy"
Helsinki,2/15/2022,10,2.9,7.4,10,1.3,7.1,5.6,88.4,6.8,100,41.67,0,0,55.4,30.9,225,1006.9,60.2,14.8,18.2,1.5,1,"Rain, Partially cloudy"
Helsinki,2/16/2022,15.3,9.3,12.8,15.3,9.3,12.8,10.2,84.7,2.395,100,33.33,0,0,83.5,24.8,244.8,996.5,88.1,11.4,43.6,3.8,3,"Rain, Partially cloudy"
Helsinki,2/17/2022,11.5,8.3,9.8,11.5,8.3,9.8,3.7,66.5,1.601,100,12.5,0,0,72.4,44.2,264.1,1008.1,59.3,14.5,64.3,5.8,3,"Rain, Partially cloudy"
Helsinki,2/18/2022,11.6,4.6,8.6,11.6,4.6,8.5,3.4,70.9,0.416,100,16.67,0,0,103.7,50.2,214.2,997.8,67.6,14.3,39.5,3.4,3,"Rain, Partially cloudy"
Helsinki,2/19/2022,10.3,3,6.2,10.3,2.2,6.1,2.2,75.7,4.602,100,20.83,0,0,68.4,33.4,219.6,1010.2,30.9,17,24.9,2.3,1,"Rain, Partially cloudy"
Helsinki,2/20/2022,12.6,6,10.4,12.6,6,10.4,7.1,80.2,3.981,100,16.67,0,0,103.7,34.6,237.9,1003.9,79.9,12,15.7,1.4,1,"Rain, Partially cloudy"
Helsinki,2/21/2022,11.1,4.8,8.1,11.1,0.4,7.9,1.4,62.7,0.227,100,8.33,0,0,77.8,46.1,280.6,1009.8,46.5,16.3,36.4,3.2,1,"Rain, Partially cloudy"
Helsinki,2/22/2022,13.5,5.6,9.4,13.5,5.6,9.3,4.7,73.4,0.399,100,12.5,0,0,59.4,15.2,224.5,1019,53.8,15.3,35.2,3.1,2,"Rain, Partially cloudy"
Helsinki,2/23/2022,10.8,3.1,7.3,10.8,1.1,7.1,3.9,79.6,0,0,0,0,0,50.8,13,243.1,1021.4,45.8,13.1,64.8,5.6,4,Partially cloudy
Helsinki,2/24/2022,9.1,4,6.8,9.1,1.5,6.3,1.8,71.4,5.402,100,29.17,0,0,61.2,25.8,239.9,1011.4,50.5,18.3,52.1,4.6,4,"Rain, Partially cloudy"
Helsinki,2/25/2022,11.1,3.6,6.5,11.1,-1,6.2,0.3,65.8,0,0,0,0,0,53.6,22.8,270.3,1025.6,12.5,18,77.8,6.7,4,Clear
Helsinki,2/26/2022,11.1,1.3,6.1,11.1,1.3,6,0.6,70.6,0.199,100,4.17,0,0,40.7,14.3,139.6,1030,8.2,18.7,74,6.3,4,Rain
Helsinki,2/27/2022,11.3,3.6,6.8,11.3,0.2,6.5,-0.6,60.5,0,0,0,0,0,46.4,19.6,132.2,1024.7,0,20.5,77.9,6.8,5,Clear
Helsinki,2/28/2022,12.5,6.1,9.5,12.5,3.5,9.4,5.5,76.1,2.386,100,20.83,0,0,42.5,21.6,187,1024.2,77.6,15.5,60.8,5.2,3,"Rain, Partially cloudy"
Helsinki,3/1/2022,9.8,7.3,8.5,9.8,5.5,8.2,7.7,94.8,8.982,100,87.5,0,0,34.6,16.1,74.2,1025.5,98.1,6,13.3,1,1,"Rain, Overcast"
Helsinki,3/2/2022,8.3,6.4,7.3,8.3,4.2,7,5.5,88.8,7.423,100,58.33,0,0,34.2,14.2,105.5,1020.9,88.8,8.8,34,2.6,2,"Rain, Partially cloudy"
Helsinki,3/3/2022,12.8,6.5,9.4,12.8,5.3,9.2,6.1,80,0.201,100,8.33,0,0,30.2,12.4,130.2,1015.3,81.3,11.7,50.8,3.8,2,"Rain, Partially cloudy"
Helsinki,3/4/2022,9.3,6.6,8.2,9.3,6.6,8.2,6,86,0.4,100,16.67,0,0,24.5,6.1,194,1019,91.2,11.6,25.9,2,1,"Rain, Overcast"
Helsinki,3/5/2022,7.5,5,6.4,7.5,5,6.4,3.5,82,0.4,100,16.67,0,0,48.2,0.2,10.4,1023.4,95.7,13,26.4,2.1,1,"Rain, Overcast"
Helsinki,3/6/2022,8.1,4.3,5.7,8.1,3.5,5.5,-0.5,65.5,0.003,100,4.17,0,0,47.5,23.2,65.7,1028.2,84.3,21,74.4,6.1,4,"Rain, Partially cloudy"
Helsinki,3/7/2022,7.8,3.1,5.3,7.8,3.1,5.3,-0.3,67.5,0.199,100,4.17,0,0,43.6,0.2,83.2,1024.2,57.2,18.3,72.5,5.8,4,"Rain, Partially cloudy"
Helsinki,3/8/2022,12.6,1.5,6.7,12.6,1.5,6.7,-0.4,61.3,0,0,0,0,0,38.2,0.1,130.3,1015.1,14.2,14.3,90.8,7.6,5,Clear
Helsinki,3/9/2022,12.8,8.6,10.5,12.8,8.6,10.5,5.7,72.7,0,0,0,0,0,46.8,0.2,171.9,1016.5,73.1,16.4,62.6,5.4,3,Partially cloudy
Helsinki,3/10/2022,16,8,12.2,16,8,12.2,6.2,67,0,0,0,0,0,37.1,0.1,152.4,1016,51.4,17.3,78.3,6.8,4,Partially cloudy
Helsinki,3/11/2022,13.1,9,10.6,13.1,6.7,10.5,6.9,78.3,5.581,100,29.17,0,0,50,24.8,142.5,1005,58.7,16.4,46.1,4,2,"Rain, Partially cloudy"
Helsinki,3/12/2022,13,8.1,10.2,13,6.7,10.1,5.4,73.2,0.409,100,16.67,0,0,50,28.5,190.8,1008.3,57.8,17.7,83,7.2,4,"Rain, Partially cloudy"
Helsinki,3/13/2022,12.1,7.5,9.7,12.1,6.2,9.6,6,77.9,0.401,100,16.67,0,0,47.9,21.6,174.8,1007.5,74.6,18.2,49.8,4.2,3,"Rain, Partially cloudy"
Helsinki,3/14/2022,12.8,4.5,8.5,12.8,4.5,8.5,5.6,83.3,0.596,100,8.33,0,0,30.6,16,229.6,1023,37.3,17.9,72.8,6.5,5,"Rain, Partially cloudy"
Helsinki,3/15/2022,15.6,6.3,10.6,15.6,6.2,10.6,5.8,74,0,0,0,0,0,25.6,13.5,154,1022,38.7,18.5,100.5,8.7,5,Partially cloudy
Helsinki,3/16/2022,11.3,7.1,9.8,11.3,4.3,8.7,7.8,87.3,8.203,100,50,0,0,45,21.8,122.6,1018.2,88.2,9.5,20.4,1.8,1,"Rain, Partially cloudy"
Helsinki,3/17/2022,14.1,3,8.5,14.1,0,7.3,3,70.1,0.014,100,4.17,0,0,36,23.7,266.2,1031.4,19.9,19.5,98,8.3,5,Rain
Helsinki,3/18/2022,16.3,4.6,10.1,16.3,4.6,10,5.7,76.1,0,0,0,0,0,35.3,21.8,81.9,1041.7,8.2,15.8,110.9,9.5,5,Clear
Helsinki,3/19/2022,13.6,8.3,10.3,13.6,5.3,8.8,3.7,64.6,0,0,0,0,0,50.4,31.7,90.3,1037,0,15.9,104.6,9.2,5,Clear
Helsinki,3/20/2022,12,5.1,8.3,12,4.2,7,0.4,58.3,0,0,0,0,0,34.6,19.7,84.5,1028.2,11,16.8,68.2,6.1,2,Clear
Helsinki,3/21/2022,16.6,2,9.3,16.6,2,9.1,1.7,61.7,0,0,0,0,0,24.5,13.2,119.3,1028.1,3.7,13.2,96.6,8.5,4,Clear
Helsinki,3/22/2022,20,9.3,13.7,20,8.2,13.5,5.4,60.2,0,0,0,0,0,31.7,17.7,122.4,1028.4,28.3,13.9,106,9.2,4,Partially cloudy
Helsinki,3/23/2022,19.5,7.3,12.9,19.5,7.1,12.7,4.2,60.7,0,0,0,0,0,25.9,11.3,116.7,1029.6,4.4,15.4,107.4,9.3,5,Clear
Helsinki,3/24/2022,19.1,5.1,11.9,19.1,5.1,11.9,2.2,58,0.199,100,4.17,0,0,12.6,7.6,34.7,1029.8,0.7,15.8,115.4,9.9,5,Rain
Helsinki,3/25/2022,17.8,7.3,11.8,17.8,7.3,11.8,3,55.8,0,0,0,0,0,31.7,18.2,71.2,1031.5,2.1,11.9,109.6,9.4,5,Clear
Helsinki,3/26/2022,17.6,7.1,12.2,17.6,6.4,11.9,3.3,56.2,0,0,0,0,0,36.4,21.2,72.6,1032.7,1.4,11.6,119.2,10.3,5,Clear
Helsinki,3/27/2022,13.3,6.8,9.2,13.3,4.5,8.1,6.5,83.5,0,0,0,0,0,32.4,14.2,65.7,1031.6,50.2,11,43.3,3.6,2,Partially cloudy
Helsinki,3/28/2022,14.9,4.8,9.6,14.9,4.8,9.5,6,79.9,0,0,0,0,0,19.1,12,84.7,1023.1,34.2,8.7,88.8,7.8,4,Partially cloudy
Helsinki,3/29/2022,11.1,8,9.4,11.1,5.7,8,6,79.4,0,0,0,0,0,32.4,17,63.1,1012.4,79.4,7.8,51.8,4.4,2,Partially cloudy
Helsinki,3/30/2022,12.3,4.5,8.2,12.3,0.4,6.4,4.9,80.2,0.797,100,16.67,0,0,37.1,22,18.8,1006.3,94.2,7.4,59.9,5.1,2,"Rain, Overcast"
Helsinki,3/31/2022,8.1,2.1,4.4,4.3,-2.3,0.5,-2.8,62.2,0.199,100,4.17,0,0,66.6,29.3,13,1009.2,55.7,13.5,84.5,7.2,4,"Snow, Rain, Partially cloudy"
Helsinki,4/1/2022,8.5,1.8,4.7,5.2,-2.4,0.9,-2.6,61,0,0,0,0,0,46.4,28.5,4.7,1016.6,27.6,14.2,84.7,7.2,3,Partially cloudy
Helsinki,4/2/2022,8.1,1.6,4.8,6.1,-0.1,2.9,-1.4,65.8,0,0,0,0,0,29.5,20.6,22.8,1022.8,27.1,12.7,113.5,9.8,6,Partially cloudy
Helsinki,4/3/2022,9.1,0,5.6,7.1,0,4.3,-2.2,59.2,0,0,0,0,0,26.3,15.8,299.2,1025.5,25.4,12.7,128.8,11,7,Partially cloudy
Helsinki,4/4/2022,14.6,5.1,9.6,14.6,0.7,7.6,6.2,79.9,4.597,100,37.5,0,0,49,26,259.6,1013.1,88.6,16.5,46.5,3.9,2,"Rain, Partially cloudy"
Helsinki,4/5/2022,14.6,10.6,12.4,14.6,10.6,12.4,7.1,70.8,0,0,0,0,0,48.2,30,266.7,1008.9,93.8,21,69.7,5.9,2,Overcast
Helsinki,4/6/2022,13.6,9.4,10.9,13.6,5.9,10.4,7.1,77.6,9.172,100,33.33,0,0,61.2,34.2,237.4,997.8,78,16.5,78.7,6.8,3,"Rain, Partially cloudy"
Helsinki,4/7/2022,14.1,7,10.1,14.1,3.3,8.4,2.4,61.1,4.016,100,29.17,0,0,74.2,51.3,267.4,989.7,58.6,17.6,123.3,10.7,5,"Rain, Partially cloudy"
Helsinki,4/8/2022,11.8,3.5,7.4,11.8,2.4,6.5,0.3,62.7,0.002,100,4.17,0,0,40.7,20,4.2,1000.7,37.9,21.3,105.3,9.1,5,"Rain, Partially cloudy"
Helsinki,4/9/2022,12.5,2.8,7.8,12.5,0.2,6.6,-0.7,58.4,0,0,0,0,0,36.4,21.7,296,1015.1,30.8,18.5,144,12.3,8,Partially cloudy
Helsinki,4/10/2022,13.3,2.1,8.9,13.3,2.1,8.7,-0.4,54.2,0,0,0,0,0,34.9,15.9,182.7,1019,21,20.9,158.5,13.8,6,Partially cloudy
Helsinki,4/11/2022,17.3,6.6,11.7,17.3,4.2,10.7,3,57.3,0,0,0,0,0,46.4,30.3,114.7,1010.3,24.6,20.1,163.2,14.2,7,Partially cloudy
Helsinki,4/12/2022,18.6,10.6,13.9,18.6,10.6,13.9,8.6,70.7,0.001,100,4.17,0,0,42.1,21.1,180.2,1006,50.7,18.4,127.1,10.9,5,"Rain, Partially cloudy"
Helsinki,4/13/2022,17.7,10.5,14.1,17.7,10.5,14.1,9.3,74.1,0.001,100,4.17,0,0,41,20.4,228.6,1015.4,64.1,15.8,95.4,8.1,4,"Rain, Partially cloudy"
Helsinki,4/14/2022,19.6,8.6,14.2,19.6,7.6,14.1,8.6,71.4,0,0,0,0,0,24.8,12.4,259.5,1022,41.7,17.4,129.9,10.9,6,Partially cloudy
Helsinki,4/15/2022,22.8,9,15.3,22.8,9,15.3,8.6,67,0,0,0,0,0,21.2,14.3,205.4,1026.3,16.7,18.5,179.2,15.3,7,Clear
Helsinki,4/16/2022,18.7,9,13.3,18.7,8.7,13.2,7.3,69.7,0,0,0,0,0,32,17.5,96.9,1029.6,7.4,14.5,163.3,14.2,7,Clear
Helsinki,4/17/2022,19.3,8.1,13.6,19.3,7.5,13.4,3.7,57,0,0,0,0,0,34.9,19.3,153.2,1022.9,9.2,16.3,163,14.2,6,Clear
Helsinki,4/18/2022,17.3,8.1,12.8,17.3,6.9,12.6,4.1,58,0,0,0,0,0,22,13.8,267.8,1017.2,28.6,17.8,164.2,14.1,6,Partially cloudy
Helsinki,4/19/2022,16,8.8,12.8,16,7.8,12.7,5.2,60.4,0,0,0,0,0,31.3,16,23.2,1016.3,44.3,20.1,90.9,7.9,3,Partially cloudy
Helsinki,4/20/2022,18.1,7.8,12.5,18.1,5.6,11.9,3.9,59.6,0,0,0,0,0,46.4,24.1,57.8,1016.1,22.6,16,169.6,14.6,8,Partially cloudy
Helsinki,4/21/2022,18.6,7.8,12.9,18.6,6.5,12.5,4.8,59.9,0,0,0,0,0,45.7,25.4,70.5,1012.4,7.4,15.5,174,15.3,8,Clear
Helsinki,4/22/2022,15.5,9.3,12.3,15.5,7.2,11.8,5.7,64.7,0,0,0,0,0,47.9,28.4,62.1,1007.8,66.2,16.3,104.6,8.9,8,Partially cloudy
Helsinki,4/23/2022,16.8,10.3,13.3,16.8,10.3,13.3,7.2,67.3,0,0,0,0,0,53.6,31.7,55.5,1003.3,66.9,12.7,128.3,11,8,Partially cloudy
Helsinki,4/24/2022,18.1,8.6,13.2,18.1,6.8,12.8,5.1,60.5,0,0,0,0,0,44.6,21.8,43.2,1007.8,24.6,15.8,180.7,15.5,8,Partially cloudy
Helsinki,4/25/2022,14.6,7.1,10.3,14.6,4.4,9.2,4.8,69.4,0.805,100,16.67,0,0,40.7,16,27.4,1015.7,46.4,16.6,75.9,6.6,3,"Rain, Partially cloudy"
Helsinki,4/26/2022,15.6,6.1,10.8,15.6,5.1,10.4,2.5,59.3,0,0,0,0,0,33.1,17.5,48.5,1021.9,21.6,18.6,198.6,17.2,8,Partially cloudy
Helsinki,4/27/2022,11.3,7.6,9.6,11.3,6.3,8.8,3.1,64.3,0,0,0,0,0,32,16.7,54.5,1027.6,81.6,19.7,68.2,5.8,2,Partially cloudy
Helsinki,4/28/2022,14,7.1,10.5,14,5.8,9.7,3.9,64.3,0,0,0,0,0,27,14.9,67.4,1030.9,66.1,17.3,124.3,10.6,5,Partially cloudy
Helsinki,4/29/2022,11.1,7.1,9.4,11.1,5.6,8.5,2.9,64.6,0,0,0,0,0,34.9,15.6,44.4,1031.8,76.8,18.7,85.1,7.1,3,Partially cloudy
Helsinki,4/30/2022,18.1,5.3,11.7,18.1,3.9,11.3,3.4,59.1,0,0,0,0,0,23.8,12.5,327.6,1029.3,24.8,19.8,169.7,14.8,8,Partially cloudy
Helsinki,5/1/2022,14.8,10.3,12.4,14.8,10.3,12.4,6,65.9,0.001,100,4.17,0,0,22.7,14.2,236.8,1023.6,74.3,19.8,103.6,8.9,6,"Rain, Partially cloudy"
Helsinki,5/2/2022,16.8,9,12.8,16.8,9,12.8,7,68.8,0,0,0,0,0,12.2,7.6,269.9,1021.2,82.3,18.8,97.1,8.3,6,Partially cloudy
Helsinki,5/3/2022,14.6,11.1,12.6,14.6,11.1,12.6,8.6,77.1,0,0,0,0,0,22.3,11.3,52.8,1021.2,85.5,11.4,57.4,4.9,3,Partially cloudy
Helsinki,5/4/2022,17.3,10.8,13.3,17.3,10.8,13.3,9.4,78,2.401,100,20.83,0,0,34.6,17.2,238.5,1019.3,71.4,11.9,94,8.1,5,"Rain, Partially cloudy"
Helsinki,5/5/2022,19.6,7.3,14,19.6,5.4,13.7,8.1,69.5,0,0,0,0,0,31,14.9,317,1023.5,40.7,19.7,178.2,15.3,10,Partially cloudy
Helsinki,5/6/2022,22.8,10.3,16,22.8,10.3,16,8.8,65.5,0,0,0,0,0,35.3,23,266.3,1025.1,22.8,18,196.1,16.9,8,Partially cloudy
Helsinki,5/7/2022,18.5,12.8,15.1,18.5,12.8,15.1,11.1,77.6,0.799,100,16.67,0,0,28.8,15.9,6.6,1025.4,71.2,18.3,69.5,6.1,2,"Rain, Partially cloudy"
Helsinki,5/8/2022,18.3,10.3,13.8,18.3,10.3,13.8,6.7,64.3,0,0,0,0,0,31.3,15.4,84.4,1028.7,39.8,16.8,173.8,14.9,9,Partially cloudy
Helsinki,5/9/2022,22,8.3,15.6,22,7.8,15.5,8.4,64.3,0,0,0,0,0,40,25.9,191.4,1023.5,24.1,19.7,174.2,15,7,Partially cloudy
Helsinki,5/10/2022,20,14.6,16.6,20,14.6,16.6,9.7,64.7,0.003,100,4.17,0,0,45.7,25.6,231.9,1015.1,67.3,18.1,51.2,4.3,2,"Rain, Partially cloudy"
Helsinki,5/11/2022,15.6,11.1,13.7,15.6,11.1,13.7,10.5,81.5,5.191,100,33.33,0,0,71.2,27.4,229.9,1010.6,66.4,15,84.5,7.2,3,"Rain, Partially cloudy"
Helsinki,5/12/2022,18.1,8.3,13.4,18.1,7.2,13.1,7.3,69.8,0.005,100,4.17,0,0,46.8,26.2,252.6,1018.2,37.3,18.8,125.5,10.9,10,"Rain, Partially cloudy"
Helsinki,5/13/2022,21,10.6,15.1,21,10.6,15.1,8.3,65.2,0,0,0,0,0,48.6,27.2,249.5,1019.9,46.6,19.5,115.8,10,9,Partially cloudy
Helsinki,5/14/2022,23.1,8.6,15.9,23.1,8.1,15.9,8.4,64,0,0,0,0,0,24.5,13,211.1,1020.9,17.2,15.6,201,17.3,8,Clear
Helsinki,5/15/2022,17.5,14.1,15.8,17.5,14.1,15.8,11.6,76.1,2.592,100,29.17,0,0,38.9,19.3,95.2,1015.6,53.1,16.6,59.8,5,2,"Rain, Partially cloudy"
Helsinki,5/16/2022,21,12.8,16.7,21,12.8,16.7,12.4,77.3,0.6,100,12.5,0,0,52.6,28.9,227.5,1014.3,60.6,14.8,110,9.5,9,"Rain, Partially cloudy"
Helsinki,5/17/2022,25.5,11.5,19.3,25.5,11.5,19.3,11.8,65.6,0,0,0,0,0,34.6,25.9,168.1,1017.5,29.3,17.6,255.2,22.1,8,Partially cloudy
Helsinki,5/18/2022,23,12.1,18.1,23,12.1,18.1,8.9,58.8,0.002,100,4.17,0,0,31.7,19,198.1,1018.9,20.9,19.2,181.3,15.6,8,"Rain, Partially cloudy"
Helsinki,5/19/2022,22,14.3,17.6,22,14.3,17.6,10.4,65.6,2.604,100,16.67,0,0,59.4,19.6,263.3,1018,45.1,16.1,119.9,10.5,8,"Rain, Partially cloudy"
Helsinki,5/20/2022,17.8,12.5,14.6,17.8,12.5,14.6,8.9,69.4,4.589,100,20.83,0,0,46.4,25.2,237.1,1018.8,62.6,18.5,79.1,7,9,"Rain, Partially cloudy"
Helsinki,5/21/2022,20,10.5,15.2,20,10.5,15.2,8,64.3,0,0,0,0,0,37.1,19,258.2,1020.7,29,18.3,153.5,13.4,9,Partially cloudy
Helsinki,5/22/2022,23.6,10.3,17.1,23.6,10.3,17.1,8.5,61.6,0,0,0,0,0,25.2,18.4,208.5,1013.9,14.5,18.3,220.6,19.2,9,Clear
Helsinki,5/23/2022,18.8,12.2,15.3,18.8,12.2,15.3,9.1,67,0.202,100,8.33,0,0,33.8,18.2,271.4,1002.8,67.3,20.3,80.7,6.8,5,"Rain, Partially cloudy"
Helsinki,5/24/2022,17.1,10.1,12.9,17.1,10.1,12.9,9.1,79.4,7.783,100,54.17,0,0,37.1,17.9,268.4,1005.9,58.4,19.7,124.3,10.6,8,"Rain, Partially cloudy"
Helsinki,5/25/2022,18.5,9.5,14,18.5,7.9,13.9,9.3,73.9,0.201,100,8.33,0,0,58,31,242,1013.5,54,21,93.5,8.1,3,"Rain, Partially cloudy"
Helsinki,5/26/2022,19.6,10.5,15.5,19.6,10.5,15.5,10.9,74.9,0,0,0,0,0,53.6,29.2,253.9,1021.1,67.8,19.4,126.8,10.8,6,Partially cloudy
Helsinki,5/27/2022,20.3,13.1,16.4,20.3,13.1,16.4,7.7,59.4,0,0,0,0,0,33.1,21.6,302.5,1024.1,46,18.8,228.5,19.7,9,Partially cloudy
Helsinki,5/28/2022,17.8,10.1,14.1,17.8,10.1,14.1,4.9,54.5,0,0,0,0,0,30.6,17.8,15.1,1024.9,33.9,21.3,169.5,14.6,10,Partially cloudy
Helsinki,5/29/2022,16.1,8.6,12.5,16.1,7.4,12.3,4.3,58.1,0,0,0,0,0,43.2,17.8,23.5,1019.5,34.6,21.1,89.9,7.6,3,Partially cloudy
Helsinki,5/30/2022,15,6.8,11.1,15,6.8,11.1,6.6,74.9,2.197,100,16.67,0,0,31.7,22.3,202.2,1014,53.7,20.3,75.8,6.6,3,"Rain, Partially cloudy"
Helsinki,5/31/2022,16.1,9.1,11.6,16.1,7.9,11.4,8.8,84.1,8.597,100,41.67,0,0,39.2,15.2,242.6,1012.5,60.2,18.5,119.1,10.5,9,"Rain, Partially cloudy"
Helsinki,6/1/2022,18.1,7.8,12.9,18.1,6.7,12.6,7.5,72.5,0.201,100,8.33,0,0,32.4,11.4,310.7,1017,54.3,20.6,104.1,9,6,"Rain, Partially cloudy"
Helsinki,6/2/2022,19.6,9.6,15.3,19.6,9.6,15.3,8.4,65.8,0,0,0,0,0,27.7,16.7,114,1020.1,14.6,21,240.8,20.9,9,Clear
Helsinki,6/3/2022,23.3,11.5,17.1,23.3,11.5,17.1,9.3,62.4,0,0,0,0,0,37.1,20.5,73.7,1018,44.9,18,174.3,14.9,6,Partially cloudy
Helsinki,6/4/2022,20.8,12.8,15.9,20.8,12.8,15.9,9,64.6,0.007,100,4.17,0,0,53.6,25,62.9,1020,55.4,16.9,164.3,13.9,9,"Rain, Partially cloudy"
Helsinki,6/5/2022,15.6,10.8,13.3,15.6,10.8,13.3,11.5,88.8,8,100,37.5,0,0,36.4,18.2,8.6,1016.1,95.4,7.8,43.5,3.7,2,"Rain, Overcast"
Helsinki,6/6/2022,18,12.1,14.4,18,12.1,14.4,11.8,85,2.212,100,37.5,0,0,28.1,15.6,258.4,1014.7,81.8,14.2,68.9,6.1,4,"Rain, Partially cloudy"
Helsinki,6/7/2022,21.1,10.4,16.6,21.1,10.4,16.6,11.7,73.8,0.001,100,4.17,0,0,31,18.5,206.9,1012,54.1,19.6,177.8,15.2,10,"Rain, Partially cloudy"
Helsinki,6/8/2022,22.1,14.3,17.8,22.1,14.3,17.8,11.3,68.3,1.394,100,16.67,0,0,46.4,33.3,257.2,1005.9,60.2,15.7,143.8,12.5,10,"Rain, Partially cloudy"
Helsinki,6/9/2022,20.1,12.1,16.4,20.1,12.1,16.4,10.6,69.9,0.002,100,4.17,0,0,38.2,22.3,243.6,1015.1,53.3,15,162.2,14.1,8,"Rain, Partially cloudy"
Helsinki,6/10/2022,22.3,15.8,18.6,22.3,15.8,18.6,11.9,66.9,0.2,100,8.33,0,0,48.6,28.8,226.1,1018.5,62.1,12.9,162,13.8,9,"Rain, Partially cloudy"
Helsinki,6/11/2022,21.8,12.8,17.6,21.8,12.8,17.6,10.2,64.2,0,0,0,0,0,44.6,27.2,241.7,1021.6,34.3,14.2,216.7,18.7,10,Partially cloudy
Helsinki,6/12/2022,22.1,12,17.1,22.1,12,17.1,8.3,58,0,0,0,0,0,41.8,24.2,276,1023.4,24.7,18,147.5,12.7,10,Partially cloudy
Helsinki,6/13/2022,20.8,11.5,16.4,20.8,11.5,16.4,7,55.1,0,0,0,0,0,24.8,13.1,298,1024.5,27.1,19.6,158.1,13.5,10,Partially cloudy
Helsinki,6/14/2022,24.6,11.3,18.5,24.6,11.3,18.5,8.7,55.5,0,0,0,0,0,24.1,12.8,183.1,1021.1,6.8,20.4,251.7,21.6,9,Clear
Helsinki,6/15/2022,27.3,12.5,20.2,26.6,12.5,20.1,9.5,53.9,0,0,0,0,0,27,14.5,229.9,1018.5,1.2,18.8,238.6,20.6,9,Clear
Helsinki,6/16/2022,28.8,13.5,21.9,27.7,13.5,21.7,10.5,52.3,0,0,0,0,0,30.6,18.7,234.7,1021.5,3.2,19,228.4,19.9,8,Clear
Helsinki,6/17/2022,31.6,16.8,24.8,30.7,16.8,24.5,12.1,46.5,0,0,0,0,0,50,31.4,219,1019.8,9.7,19.4,225.7,19.2,8,Clear
Helsinki,6/18/2022,24.1,13.8,19.2,24.1,13.8,19.2,13.6,70,0.002,100,4.17,0,0,46.4,21.5,15,1017.6,47.3,19.2,101.7,8.8,6,"Rain, Partially cloudy"
Helsinki,6/19/2022,19.1,10.8,15,19.1,10.8,15,8.2,65.5,0.604,100,12.5,0,0,36,21,34.5,1014.9,54.5,18.1,143.4,12.3,7,"Rain, Partially cloudy"
Helsinki,6/20/2022,22.3,12.5,17,22.3,12.5,17,8.2,57.7,0.004,100,4.17,0,0,35.3,19.6,43.6,1018.3,22.5,19.4,244.7,20.9,10,"Rain, Partially cloudy"
Helsinki,6/21/2022,25.1,11.1,18.5,25.1,11.1,18.5,7.8,54.5,0,0,0,0,0,24.8,11.9,97.5,1015,0,18.9,219.5,18.8,9,Clear
Helsinki,6/22/2022,26.5,13.1,20.2,26.5,13.1,20.2,10.7,57.5,0,0,0,0,0,32,17.5,87.4,1013.6,0,19.1,225.8,19.3,9,Clear
Helsinki,6/23/2022,25,14.5,19.4,25,14.5,19.4,13,68,0.402,100,8.33,0,0,30.6,17.8,85.8,1010,39.7,15.4,89.7,7.8,4,"Rain, Partially cloudy"
Helsinki,6/24/2022,21.3,15,18,21.3,15,18,12.3,69.7,0.162,100,4.17,0,0,47.2,24,211.4,1005.1,69.9,17.5,127.1,11,8,"Rain, Partially cloudy"
Helsinki,6/25/2022,21.1,13.6,16.9,21.1,13.6,16.9,9.6,64.1,0.005,100,8.33,0,0,47.5,28.4,197.8,1007.8,55.4,17.2,165.1,14.3,9,"Rain, Partially cloudy"
Helsinki,6/26/2022,21.3,12.6,17.1,21.3,12.6,17.1,7.7,56.3,0,0,0,0,0,55.4,28.4,207.2,1012.1,21.4,21.2,209,17.8,9,Partially cloudy
Helsinki,6/27/2022,19.6,12.8,16.1,19.6,12.8,16.1,9.4,65.5,3.586,100,16.67,0,0,48.2,28.8,230,1016.1,38.1,20,189,16.2,10,"Rain, Partially cloudy"
Helsinki,6/28/2022,21.5,12.1,16.7,21.5,12.1,16.7,8.6,60.6,0,0,0,0,0,48.6,26.5,200.2,1017.9,41.7,19.2,182.8,15.9,10,Partially cloudy
Helsinki,6/29/2022,20.8,15.6,17.3,20.8,15.6,17.3,11,66.6,1.002,100,12.5,0,0,42.5,25.1,189.6,1012.4,69.7,17.8,109.5,9.5,6,"Rain, Partially cloudy"
Helsinki,6/30/2022,20.6,12.4,15.9,20.6,12.4,15.9,10.3,71.1,5.168,100,20.83,0,0,31.7,21.9,225.3,1012,52.7,18.4,96.3,8.2,3,"Rain, Partially cloudy"
Helsinki,7/1/2022,21.1,11.6,16,21.1,11.6,16,9.8,68.5,0.008,100,12.5,0,0,45.7,25.9,234.2,1016.4,54.8,20.3,168.4,14.6,10,"Rain, Partially cloudy"
Helsinki,7/2/2022,22.1,12.8,17.3,22.1,12.8,17.3,10.1,64.4,0.004,100,12.5,0,0,45,26.3,220,1018.5,53.3,19.3,186,15.8,10,"Rain, Partially cloudy"
Helsinki,7/3/2022,22.1,12.1,17.6,22.1,12.1,17.6,9.8,62.2,0,0,0,0,0,30.6,18.8,270.8,1019.3,44.1,21.5,207.1,17.8,9,Partially cloudy
Helsinki,7/4/2022,22.6,12.3,18,22.6,12.3,18,8.6,55.3,0,0,0,0,0,38.9,19.8,282.2,1021.3,47.9,21.1,250.1,21.5,9,Partially cloudy
Helsinki,7/5/2022,22.1,11.8,18,22.1,11.8,18,8.8,55.8,0,0,0,0,0,35.6,16.7,308.3,1024.9,36.8,21.5,143.4,12.2,9,Partially cloudy
Helsinki,7/6/2022,23.6,14.3,19.4,23.6,14.3,19.4,10.8,58,0,0,0,0,0,37.1,21.8,295.4,1026.6,62.2,21.1,141.3,12.3,10,Partially cloudy
Helsinki,7/7/2022,24.1,17.1,19.6,24.1,17.1,19.6,11.2,59.5,0,0,0,0,0,32,20.2,338.1,1028.3,56.4,21.9,218.2,18.7,9,Partially cloudy
Helsinki,7/8/2022,28.8,15.3,22.2,27.9,15.3,22.1,11.5,53.7,0,0,0,0,0,24.8,13.1,315.7,1031.6,5.7,19.3,261.6,22.6,9,Clear
Helsinki,7/9/2022,26.6,17.1,21.5,26.6,17.1,21.5,11.3,54.4,0,0,0,0,0,35.6,15,5.3,1030.1,22.4,21.5,242.8,20.9,8,Partially cloudy
Helsinki,7/10/2022,29.1,15.1,22.3,28,15.1,22.1,11.4,53.1,0,0,0,0,0,32,14.1,246,1026.9,3.9,21.9,284.3,24.7,8,Clear
Helsinki,7/11/2022,30.8,16.6,24.2,29.5,16.6,23.8,11.1,45.8,0,0,0,0,0,35.6,17.3,211.7,1023.2,7.2,21.3,208.4,17.9,8,Clear
Helsinki,7/12/2022,30.6,19.5,25.3,29.9,19.5,25.1,13.4,48.5,0,0,0,0,0,36.4,19.8,220.3,1022.2,26.8,21.6,128.5,11.1,7,Partially cloudy
Helsinki,7/13/2022,28.1,19.9,24.4,27.5,19.9,24.3,12.7,48.9,0,0,0,0,0,29.2,12.7,323.1,1021.3,41.3,16.3,157.3,13.4,6,Partially cloudy
Helsinki,7/14/2022,25.3,16.3,20.5,25.3,16.3,20.5,9.9,53.7,0,0,0,0,0,36,19.3,355,1022.5,21.9,16.2,248.7,21.3,9,Partially cloudy
Helsinki,7/15/2022,25.5,14.6,20.6,25.5,14.6,20.6,8.3,46.5,0,0,0,0,0,33.5,19.3,296.9,1023.8,9.6,20.6,252.2,21.9,9,Clear
Helsinki,7/16/2022,27.8,15.3,21.8,27.1,15.3,21.7,10.9,51.8,0,0,0,0,0,29.5,16.6,226.4,1024.8,0.9,21.1,238.4,20.6,9,Clear
Helsinki,7/17/2022,30,16.1,23.6,28.7,16.1,23.2,9.1,42.2,0,0,0,0,0,32.4,17.2,169,1025.1,9.3,20.9,192.6,16.6,8,Clear
Helsinki,7/18/2022,36.6,18,27.7,34.6,18,26.8,9.9,37,0,0,0,0,0,31.7,17.2,189.8,1019.5,15.5,20.4,201.8,17.7,8,Clear
Helsinki,7/19/2022,39.8,21.7,30.3,37.9,21.7,29.4,11.6,36,0.201,100,4.17,0,0,50,26.2,179.9,1012.1,11.6,18.5,197.8,16.9,8,Rain
Helsinki,7/20/2022,26.6,19.1,22.7,26.6,19.1,22.7,15.4,64.9,0.005,100,8.33,0,0,38.5,22.9,244.5,1015.4,75.1,15,132,11.4,7,"Rain, Partially cloudy"
Helsinki,7/21/2022,23.6,17.3,20.5,23.6,17.3,20.5,13.6,65.4,0.016,100,4.17,0,0,27.4,16.1,18.4,1021.3,82.1,16.7,70.7,6.1,3,"Rain, Partially cloudy"
Helsinki,7/22/2022,22.3,17.6,19.5,22.3,17.6,19.5,12.6,64.8,0.002,100,4.17,0,0,33.1,17.5,102.5,1020.3,75.4,19.7,118.5,10.2,6,"Rain, Partially cloudy"
Helsinki,7/23/2022,27.3,16.1,21,26.8,16.1,20.9,12.4,60.7,0,0,0,0,0,43.2,24.7,219.1,1018.7,46.3,19.6,182.9,15.7,8,Partially cloudy
Helsinki,7/24/2022,28.1,17.8,22.5,27.6,17.8,22.4,13.1,58.1,0,0,0,0,0,61.2,31.1,217.5,1014.1,47.1,20.9,208.9,18,8,Partially cloudy
Helsinki,7/25/2022,23.8,18.3,20.6,23.8,18.3,20.6,13,62.3,0,0,0,0,0,45.7,25.9,255.4,1010.5,76.3,20.5,91,7.8,4,Partially cloudy
Helsinki,7/26/2022,22.3,15.8,18.2,22.3,15.8,18.2,10.9,63.1,0,0,0,0,0,29.9,13.8,348.2,1019,78.6,21.2,94,8,4,Partially cloudy
Helsinki,7/27/2022,21.1,15.6,18.3,21.1,15.6,18.3,10.9,62.4,0,0,0,0,0,29.5,14.5,119.7,1020.3,61.1,21.1,146.4,12.5,8,Partially cloudy
Helsinki,7/28/2022,22.6,16.5,19.4,22.6,16.5,19.4,10.3,56.9,0,0,0,0,0,35.6,17.9,102.6,1017.5,43,21,157.5,13.7,7,Partially cloudy
Helsinki,7/29/2022,26.3,15.1,21,26.3,15.1,21,10.6,54.1,0,0,0,0,0,25.6,13.5,86.2,1018.5,25.5,18.9,182.3,15.8,8,Partially cloudy
Helsinki,7/30/2022,26.6,16.6,21.8,26.6,16.6,21.8,12.8,57.3,0,0,0,0,0,35.6,21.2,240.7,1018.4,50.8,19.5,123.3,10.6,5,Partially cloudy
Helsinki,7/31/2022,26.1,19.8,22.5,26.1,19.8,22.5,16,67.1,0,0,0,0,0,46.8,26.6,256.8,1016.4,80.1,20.5,111.5,9.6,10,Partially cloudy
Helsinki,8/1/2022,27,17.8,21.9,27,17.8,21.9,14.4,63.5,0,0,0,0,0,32,18.5,183,1018.2,54.6,20.5,112.8,9.8,5,Partially cloudy
Helsinki,8/2/2022,25.6,19.1,22.3,25.6,19.1,22.3,16.1,68.2,0,0,0,0,0,46.8,23,221.6,1015.5,66.2,19.3,87.1,7.5,3,Partially cloudy
Helsinki,8/3/2022,27.3,18.5,22.2,28,18.5,22.2,16.8,72.7,0,0,0,0,0,43.6,23.3,229.6,1013.6,67.2,17.3,138.8,12.2,10,Partially cloudy
Helsinki,8/4/2022,24,17.6,21,24,17.6,21,10.3,51.7,0,0,0,0,0,29.2,15.6,312.6,1015.1,56.3,20.6,146.3,12.5,9,Partially cloudy
Helsinki,8/5/2022,23.3,14.8,19.1,23.3,14.8,19.1,5.3,41.3,0,0,0,0,0,38.9,18.7,337.2,1022,31.9,21.6,159.6,13.7,9,Partially cloudy
Helsinki,8/6/2022,24.8,12.5,19,24.8,12.5,19,5.6,44.1,0,0,0,0,0,24.5,11.3,356.7,1028.3,0,19.7,189.2,16.4,8,Clear
Helsinki,8/7/2022,27.1,12.6,20.7,26.6,12.6,20.6,8.1,47.4,0,0,0,0,0,22.3,12.4,341.5,1026,0.2,21.2,157.5,13.6,8,Clear
Helsinki,8/8/2022,28.1,17,22.2,27.6,17,22.1,11.6,52.4,0,0,0,0,0,37.8,18.7,68.3,1026.5,3.6,20.8,136,11.8,8,Clear
Helsinki,8/9/2022,28.1,16.6,21.7,27.4,16.6,21.6,13.1,61.3,0,0,0,0,0,35.6,18.3,76.6,1028.7,5.4,17.3,151.3,13.1,8,Clear
Helsinki,8/10/2022,29.6,16.6,22.7,29.3,16.6,22.6,13.3,58.2,0,0,0,0,0,33.5,16.6,77.2,1025.8,4.6,16,185.8,16,8,Clear
Helsinki,8/11/2022,32.6,16.6,24.6,31.4,16.6,24.1,12.5,51.3,0,0,0,0,0,33.1,18.9,77.9,1021.6,2.4,16.5,132.7,11.5,8,Clear
Helsinki,8/12/2022,32.8,18.8,25.6,31.1,18.8,25.1,11.7,45,0,0,0,0,0,37.4,19.4,76.3,1018.3,0,18.6,152.2,13.2,8,Clear
Helsinki,8/13/2022,34,19.6,26,32.3,19.6,25.5,11.9,45.3,0,0,0,0,0,29.5,16.1,93.4,1014.1,0,14.3,161.4,14,8,Clear
Helsinki,8/14/2022,33,19.3,26,31,19.3,25.4,11.2,43.1,0,0,0,0,0,29.5,15,98.6,1007.1,4.1,17.9,172.8,15,8,Clear
Helsinki,8/15/2022,29.1,19.1,23.7,28.3,19.1,23.6,12.5,51,0.397,100,4.17,0,0,31,19,246.4,1003,28.3,18.6,138.4,12.1,8,"Rain, Partially cloudy"
Helsinki,8/16/2022,22.1,18.1,20.2,22.1,18.1,20.2,16,76.9,3.41,100,12.5,0,0,23.8,13.6,190.2,1007.4,59.8,13.9,75.3,6.5,4,"Rain, Partially cloudy"
Helsinki,8/17/2022,25.3,17.8,19.6,25.3,17.8,19.6,16.7,84.5,23.936,100,20.83,0,0,24.1,18.4,28.8,1011.7,67.1,8.2,83.4,7.3,7,"Rain, Partially cloudy"
Helsinki,8/18/2022,26.5,18.1,21.6,26.5,18.1,21.6,15.6,70.5,0,0,0,0,0,31.7,19.9,241.9,1014.1,68.3,14.9,81.8,7.3,4,Partially cloudy
Helsinki,8/19/2022,24.8,18.1,21.1,24.8,18.1,21.1,12.7,62,0.002,100,4.17,0,0,35.3,22.7,268.9,1014.6,55.9,17.3,103.5,9,6,"Rain, Partially cloudy"
Helsinki,8/20/2022,24.8,13.8,19.1,24.8,13.8,19.1,11.4,62.6,0,0,0,0,0,38.9,24,235.2,1017.4,25.4,20.2,144.2,12.4,10,Partially cloudy
Helsinki,8/21/2022,24.3,15,19.2,24.3,15,19.2,12,65.4,0,0,0,0,0,25.9,15.4,225,1016,32.6,16.6,100.5,8.6,5,Partially cloudy
Helsinki,8/22/2022,22.5,14.1,18.8,22.5,14.1,18.8,13.6,72.3,0,0,0,0,0,25.9,16.4,197.6,1014.1,56.1,17.7,94.8,8.1,5,Partially cloudy
Helsinki,8/23/2022,25.5,18.1,21.3,25.5,18.1,21.3,17.5,79.8,0.416,100,20.83,0,0,31.7,20.4,211.1,1014.1,85.4,15.3,94.5,8.2,4,"Rain, Partially cloudy"
Helsinki,8/24/2022,28.8,20.1,23.4,28.9,20.1,23.5,16.5,67,0,0,0,0,0,27.7,19.2,209.5,1016.3,60.5,19.1,98.5,8.6,8,Partially cloudy
Helsinki,8/25/2022,22.8,16.8,19.5,22.8,16.8,19.5,16.7,84.3,41.032,100,41.67,0,0,25.9,18.1,337.6,1017.4,75.1,14.6,44.6,3.8,2,"Rain, Partially cloudy"
Helsinki,8/26/2022,24.8,13.3,19.1,24.8,13.3,19.1,11.8,66.1,0.398,100,8.33,0,0,14.8,8.7,288.8,1019.3,38.6,14.9,118,10.1,7,"Rain, Partially cloudy"
Helsinki,8/27/2022,24.6,15.3,19.7,24.6,15.3,19.7,12.6,65.6,0,0,0,0,0,20.9,15,72.5,1019.1,26.7,20.5,78.8,7,5,Partially cloudy
Helsinki,8/28/2022,24,15,19.3,24,15,19.3,12.2,65.2,0,0,0,0,0,31.7,19,75.9,1021.8,23,19.2,182.3,15.6,7,Partially cloudy
Helsinki,8/29/2022,21.1,16.1,18.7,21.1,16.1,18.7,11.5,63.9,0,0,0,0,0,33.8,18.9,57.7,1022.9,65.9,20.7,86.6,7.5,3,Partially cloudy
Helsinki,8/30/2022,23.8,14.8,19,23.8,14.8,19,12.1,65.1,0,0,0,0,0,31.7,20.1,39.5,1023,52.5,20.6,78.8,6.8,4,Partially cloudy
Helsinki,8/31/2022,23.1,14.8,19,23.1,14.8,19,11.2,62,0,0,0,0,0,42.5,24,55.2,1023.6,33,20.8,94.3,8,6,Partially cloudy
Helsinki,9/1/2022,23.1,14.9,19.4,23.1,14.9,19.4,12.6,65.8,0.008,100,8.33,0,0,37.1,20.5,60.1,1019.4,55.7,17.2,78.1,6.8,4,"Rain, Partially cloudy"
Helsinki,9/2/2022,25,16.5,20,25,16.5,20,15,74.5,2.812,100,20.83,0,0,16.6,11.3,65.8,1012.9,62.3,13.8,86,7.4,4,"Rain, Partially cloudy"
Helsinki,9/3/2022,24.1,15.8,19.7,24.1,15.8,19.7,14.3,71.6,0.018,100,8.33,0,0,29.5,19.8,197.1,1009.4,49,14.3,102.1,8.9,4,"Rain, Partially cloudy"
Helsinki,9/4/2022,24.1,17,20.1,24.1,17,20.1,14.1,69.5,0,0,0,0,0,27.7,19.4,160.7,1014.5,53.3,16.1,84.5,7.2,3,Partially cloudy
Helsinki,9/5/2022,22.8,16.1,20,22.8,16.1,20,15.5,76.1,1.404,100,12.5,0,0,31.7,21.8,155.3,1015.3,47.6,18.7,61.5,5.4,2,"Rain, Partially cloudy"
Helsinki,9/6/2022,22.6,16,18.6,22.6,16,18.6,15.4,82.2,8.855,100,33.33,0,0,46.4,22.3,185.7,1011.9,62.1,13.5,106.2,8.9,7,"Rain, Partially cloudy"
Helsinki,9/7/2022,21.1,15.3,18,21.1,15.3,18,14.5,80.5,10.356,100,45.83,0,0,42.5,21.8,183.5,1008.7,56.5,14.1,107.5,9.2,5,"Rain, Partially cloudy"
Helsinki,9/8/2022,19.1,14.1,16,19.1,14.1,16,14.3,89.7,5.448,100,62.5,0,0,37.1,20.5,182.1,1004.5,72.2,14.2,59.9,5.2,3,"Rain, Partially cloudy"
Helsinki,9/9/2022,20.1,14.8,16.6,20.1,14.8,16.6,14.2,86.5,3.223,100,54.17,0,0,31.7,21.8,277.1,1005.8,80.2,14.5,120.3,10.2,8,"Rain, Partially cloudy"
Helsinki,9/10/2022,20.8,13.5,16.9,20.8,13.5,16.9,13.7,82.1,0.199,100,4.17,0,0,20.5,11.9,305.4,1015.1,50.2,13.8,47,4,2,"Rain, Partially cloudy"
Helsinki,9/11/2022,23.1,14.3,18.2,23.1,14.3,18.2,14.2,79,0,0,0,0,0,24.1,17.8,182.4,1018.1,40.8,13.5,122.2,10.5,7,Partially cloudy
Helsinki,9/12/2022,26.6,15.6,20.5,26.6,15.6,20.5,14.7,71.1,0,0,0,0,0,27.7,15.2,185.5,1012.2,53,17.4,103.6,8.9,5,Partially cloudy
Helsinki,9/13/2022,20,16,18.1,20,16,18.1,14.6,80.5,4.401,100,45.83,0,0,22.3,15,45,1010.7,73.2,13.7,49.8,4.3,2,"Rain, Partially cloudy"
Helsinki,9/14/2022,21.6,14.6,17.5,21.6,14.6,17.5,13,76.6,0.797,100,12.5,0,0,20.5,13.9,9,1007.5,54,14.2,123,10.5,5,"Rain, Partially cloudy"
Helsinki,9/15/2022,19.8,13.6,16,19.8,13.6,16,9.6,66.8,0,0,0,0,0,22.3,15.6,318.7,1012.5,79.6,17.1,55,4.7,3,Partially cloudy
Helsinki,9/16/2022,17.8,11.6,14.1,17.8,11.6,14.1,5.1,56.2,0,0,0,0,0,42.5,21.3,340.7,1017.8,39.1,21.3,98.3,8.5,7,Partially cloudy
Helsinki,9/17/2022,17.8,7.6,12.8,17.8,5.8,12.4,3,52.7,0,0,0,0,0,33.5,20.6,318.3,1022.3,4,21.4,97.5,8.6,6,Clear
Helsinki,9/18/2022,17.8,9.3,14,17.8,7.2,13.8,6.7,62.4,0,0,0,0,0,35.3,20.3,304.8,1021.4,59.2,21.6,81.5,6.9,4,Partially cloudy
Helsinki,9/19/2022,18.1,12.6,14.8,18.1,12.6,14.8,7.9,63.5,0,0,0,0,0,18.4,9.4,318.1,1024.5,72.5,20.9,83.4,7.2,4,Partially cloudy
Helsinki,9/20/2022,19.5,9.6,15.3,19.5,9.6,15.3,8.5,65.6,0,0,0,0,0,18.4,10.6,336.1,1026.1,43.8,16.6,76.5,6.6,3,Partially cloudy
Helsinki,9/21/2022,20.3,14.1,16.6,20.3,14.1,16.6,10,66.7,0,0,0,0,0,14.8,11.2,160.5,1025.9,58.2,21.1,44.3,3.9,2,Partially cloudy
Helsinki,9/22/2022,19.8,11,15.9,19.8,11,15.9,10.8,73.2,0,0,0,0,0,31.7,17.8,198.8,1020.4,36.6,18.9,68,6.1,4,Partially cloudy
Helsinki,9/23/2022,19.1,14.8,16.2,19.1,14.8,16.2,12.4,78.6,0.808,100,25,0,0,20.5,13.4,351.1,1015.2,76.5,14,49.9,4.3,3,"Rain, Partially cloudy"
Helsinki,9/24/2022,19,11,14.4,19,11,14.4,8.9,70.9,0,0,0,0,0,35.3,18.6,8.9,1016.7,39.5,17.8,84.1,7.3,6,Partially cloudy
Helsinki,9/25/2022,16.6,9.8,13.2,16.6,8.7,13.1,6.2,64.7,0,0,0,0,0,27,16.3,320.8,1018.4,35,19.4,98.9,8.3,6,Partially cloudy
Helsinki,9/26/2022,15.3,11.1,12.9,15.3,11.1,12.9,8,72.9,2.004,100,33.33,0,0,34.4,24.3,287.5,1003.5,78.2,18.8,51.5,4.5,2,"Rain, Partially cloudy"
Helsinki,9/27/2022,14.8,9.1,11.1,14.8,6.8,10.7,7.1,76.6,1.597,100,16.67,0,0,34.8,21.5,285.6,1001.7,64.5,19.8,45.3,3.7,2,"Rain, Partially cloudy"
Helsinki,9/28/2022,14.5,6.1,10,14.5,4.7,9.3,6,77.6,0,0,0,0,0,28.8,14.6,299.1,1000.3,26.5,20,68.6,6,4,Partially cloudy
Helsinki,9/29/2022,16,5.8,10.7,16,5.8,10.7,6.1,74.6,0,0,0,0,0,16.6,10,340.1,1003.7,39.4,21.7,52.8,4.6,4,Partially cloudy
Helsinki,9/30/2022,17,8.1,12.2,17,7.5,12,9.7,85.1,9.007,100,29.17,0,0,49.6,29.1,217.5,1006.2,72.4,12.9,57.3,4.9,3,"Rain, Partially cloudy"
Helsinki,10/1/2022,19.1,12,15.6,19.1,12,15.6,11.1,76.3,0.199,100,8.33,0,0,35.3,26.4,254.7,1006.9,51.4,16.4,86.9,7.4,6,"Rain, Partially cloudy"
Helsinki,10/2/2022,18.6,11.8,15,18.6,11.8,15,9.6,71.8,0.013,100,29.17,0,0,22.3,15.4,288.9,1020.3,53.8,16.5,38.5,3.1,2,"Rain, Partially cloudy"
Helsinki,10/3/2022,18.3,8,13,18.3,8,13,9.1,78.8,0,0,0,0,0,22.7,15.2,180.5,1025.8,43.5,16.9,57,4.7,3,Partially cloudy
Helsinki,10/4/2022,18,14.1,16.2,18,14.1,16.2,12.8,80.2,0,0,0,0,0,34.8,21.3,212,1017.4,93.7,17.6,53.3,4.5,3,Overcast
Helsinki,10/5/2022,18.8,12,16.3,18.8,12,16.3,11.7,74.1,1.003,100,16.67,0,0,58.5,34.6,227,1012.6,77.3,19.7,33,2.8,2,"Rain, Partially cloudy"
Helsinki,10/6/2022,18.1,8.8,13.3,18.1,7.7,13,8.4,73,0,0,0,0,0,33,24.7,228.3,1027.2,15.9,15.6,73.6,6.3,5,Clear
Helsinki,10/7/2022,19.3,12.1,14.8,19.3,12.1,14.8,11.1,79.7,2.793,100,16.67,0,0,43.2,29,230.1,1020.2,50.2,15.9,55.8,4.5,4,"Rain, Partially cloudy"
Helsinki,10/8/2022,16.8,7.8,11.6,16.8,6.7,11.2,7.5,78.4,0.199,100,8.33,0,0,22.7,15.1,266.6,1022.9,7.5,17.5,68.9,6.2,5,Rain
Helsinki,10/9/2022,18.6,6.8,11.9,18.6,6.1,11.8,6.8,74,0,0,0,0,0,30.7,19.3,169.2,1018.2,14.8,21,74.2,6.3,6,Clear
Helsinki,10/10/2022,16.6,10.6,12.8,16.6,10.6,12.8,7.3,71.2,7.373,100,20.83,0,0,33,18.7,340.8,1017.6,47.5,18.7,49.3,4.2,5,"Rain, Partially cloudy"
Helsinki,10/11/2022,16.5,5.5,10.2,16.5,5.5,10.2,5.5,75.5,0,0,0,0,0,8.9,6.9,262.6,1026.8,10.1,16,65.7,5.6,5,Clear
Helsinki,10/12/2022,16.6,6.1,12,16.6,6.1,12,8.5,80.2,0,0,0,0,0,28.5,17.2,215.2,1021.2,71.4,18.3,58.6,5.1,4,Partially cloudy
Helsinki,10/13/2022,17.5,12.5,14.1,17.5,12.5,14.1,12,87.8,5.398,100,29.17,0,0,18.7,10.5,257.8,1015.9,67.1,14.3,36.4,3.1,2,"Rain, Partially cloudy"
Helsinki,10/14/2022,16.3,10.6,13.1,16.3,10.6,13.1,11.4,89.8,0.199,100,8.33,0,0,20.9,15.4,226.9,1010.5,73,16.6,40.1,3.5,2,"Rain, Partially cloudy"
Helsinki,10/15/2022,16.6,9.3,12.8,16.6,8.6,12.7,9.6,82.2,0.396,100,8.33,0,0,44.2,28.5,221.6,1004.2,47.7,12.9,54.3,4.9,4,"Rain, Partially cloudy"
Helsinki,10/16/2022,17.1,11,14.1,17.1,11,14.1,9.8,76,0.22,100,16.67,0,0,37.1,20,191.7,1010,42.1,14.1,58.8,5.1,3,"Rain, Partially cloudy"
Helsinki,10/17/2022,19.3,12.2,16.2,19.3,12.2,16.2,12.2,78.4,3.602,100,20.83,0,0,39.2,21.5,219.5,1016.8,60.7,16.9,45.4,4.1,2,"Rain, Partially cloudy"
Helsinki,10/18/2022,18.1,8.1,12.6,18.1,8.1,12.6,9,80.6,0,0,0,0,0,21.9,13.2,85.1,1027.3,21.2,16,61.8,5.3,5,Partially cloudy
Helsinki,10/19/2022,16.6,12.8,14.5,16.6,12.8,14.5,11.3,81,0,0,0,0,0,34.4,26.4,88.6,1019.9,35.3,14.6,40.5,3.6,2,Partially cloudy
Helsinki,10/20/2022,17.3,8.1,14.9,17.3,8.1,14.9,13.3,90,6.012,100,33.33,0,0,31.2,14.3,163.8,1007.2,73.7,10.9,34.2,3,4,"Rain, Partially cloudy"
Helsinki,10/21/2022,18.8,8.1,15,18.8,8.1,15,12.7,86.3,1.422,100,29.17,0,0,57.6,25.2,180.8,1002.1,88.4,11.3,52.8,4.6,4,"Rain, Partially cloudy"
Helsinki,10/22/2022,18.6,12.8,15.3,18.6,12.8,15.3,12.6,84.4,5.177,100,12.5,0,0,41.6,19.8,205.1,1008.7,59,13.8,53.1,4.7,4,"Rain, Partially cloudy"
Helsinki,10/23/2022,18.8,13,15.4,18.8,13,15.4,13.7,90.2,21.621,100,50,0,0,30.7,21.3,137.9,1001.7,77.1,16,25.5,2.1,2,"Rain, Partially cloudy"
Helsinki,10/24/2022,18.3,11.9,14.6,18.3,11.9,14.6,11.6,82.9,5.007,100,33.33,0,0,57.6,31.2,227.2,1002.4,67.2,17,58.8,5,4,"Rain, Partially cloudy"
Helsinki,10/25/2022,17.5,12,14.3,17.5,12,14.3,11.7,84.6,0.403,100,29.17,0,0,26.8,15.3,185.2,1011.2,49.2,15.5,37,3.2,2,"Rain, Partially cloudy"
Helsinki,10/26/2022,19.6,14.3,16.8,19.6,14.3,16.8,12.6,77.1,0.014,100,8.33,0,0,55.3,33.2,203.6,1010.9,60.1,14.4,35.2,2.8,3,"Rain, Partially cloudy"
Helsinki,10/27/2022,20.6,13.8,16.9,20.6,13.8,16.9,14.3,85.3,0.201,100,8.33,0,0,37.6,20.6,172,1014.4,43.8,16.4,36.7,3.1,3,"Rain, Partially cloudy"
Helsinki,10/28/2022,19,12.8,16.3,19,12.8,16.3,12.7,79.8,0.001,100,4.17,0,0,36.2,24.2,212,1015.2,36.8,14.2,40.5,3.4,3,"Rain, Partially cloudy"
Helsinki,10/29/2022,22.6,12.3,16.6,22.6,12.3,16.6,13.8,83.8,1.996,100,20.83,0,0,29.5,16.1,157.9,1014.2,44.5,13.7,39.2,3.3,2,"Rain, Partially cloudy"
Helsinki,10/30/2022,16.6,12.8,14.9,16.6,12.8,14.9,12.5,86.1,2.607,100,37.5,0,0,42.4,24,193.8,1014.9,63,14,18.2,1.7,1,"Rain, Partially cloudy"
Helsinki,10/31/2022,17.1,12.1,14.6,17.1,12.1,14.6,12.2,86.4,2.213,100,33.33,0,0,46.8,25.4,148.2,1010.8,60.7,13.5,38.5,3.3,2,"Rain, Partially cloudy"
Helsinki,11/1/2022,16.1,9.8,12.9,16.1,7.6,12.8,9.5,79.9,3.648,100,58.33,0,0,67.9,43.3,221.3,1006.3,70.8,13.2,29.2,2.6,2,"Rain, Partially cloudy"
Helsinki,11/2/2022,15.3,9,12.4,15.3,7.2,11.9,8.5,77.5,5.371,100,25,0,0,54.9,32.6,214.2,1013,57.7,15,40.7,3.3,2,"Rain, Partially cloudy"
Helsinki,11/3/2022,13.1,8.1,10.8,13.1,7,10.5,9.5,92,17.715,100,70.83,0,0,39.4,16.5,227.9,1001.1,67.7,14.7,21.7,1.9,2,"Rain, Partially cloudy"
Helsinki,11/4/2022,12.8,6.5,9.5,12.8,5.4,8.4,6.2,81.1,1.026,100,29.17,0,0,25.9,18.4,322.7,1010.3,40,15.3,45.9,4,3,"Rain, Partially cloudy"
Helsinki,11/5/2022,14,6,10.5,14,4.9,9.9,9,90.7,2.208,100,54.17,0,0,41,23.1,206.5,1013.8,89.1,12.7,17.6,1.4,1,"Rain, Partially cloudy"
Helsinki,11/6/2022,14.3,10.8,12.7,14.3,10.8,12.7,11.3,90.9,23.157,100,62.5,0,0,41.5,22.6,211,1003.7,71,11.1,14.5,1.3,1,"Rain, Partially cloudy"
Helsinki,11/7/2022,15.3,11,13.5,15.3,11,13.5,11,85.1,2.595,100,29.17,0,0,55,32.5,206.4,1003.7,78.9,11.3,21.8,2.1,1,"Rain, Partially cloudy"
Helsinki,11/8/2022,15.3,11.6,13.2,15.3,11.6,13.2,9.9,80.9,7.023,100,54.17,0,0,59.4,31.7,205.7,997.9,67.1,13.8,22.2,1.9,1,"Rain, Partially cloudy"
Helsinki,11/9/2022,14,10.5,11.8,14,10.5,11.8,8.6,80.7,1.412,100,25,0,0,38.9,25.5,231.2,1007,43,18.6,26.8,2.2,2,"Rain, Partially cloudy"
Helsinki,11/10/2022,15.1,10.3,13.2,15.1,10.3,13.2,9.8,79.8,0,0,0,0,0,44.2,25.9,218.6,1020.3,74.4,15.6,19.2,1.7,1,Partially cloudy
Helsinki,11/11/2022,16.1,10.8,14.6,16.1,10.8,14.6,10.8,78.1,0,0,0,0,0,38.9,22,203.2,1025.9,91.8,18.7,31.5,2.8,1,Overcast
Helsinki,11/12/2022,15.7,10.6,12.8,15.7,10.6,12.8,11,88.9,0,0,0,0,0,27.6,15.6,126.4,1026.7,56,10,19.3,1.7,1,Partially cloudy
Helsinki,11/13/2022,13.2,10.3,11.9,13.2,10.3,11.9,11,93.9,0,0,0,0,0,23.2,11.3,107.2,1019.5,71.6,8.4,18,1.4,1,Partially cloudy
Helsinki,11/14/2022,13.2,8.9,11.2,13.2,8.1,11,10.4,95.2,0.204,100,16.67,0,0,21.9,13.6,165,1008.6,83,6.9,14.7,1.4,1,"Rain, Partially cloudy"
Helsinki,11/15/2022,13.8,8.8,11.4,13.8,6.8,11.2,9.1,85.5,6.646,100,41.67,0,0,49.6,26.1,180.4,996.4,67.9,15.2,10.3,0.9,1,"Rain, Partially cloudy"
Helsinki,11/16/2022,12.8,8.6,10.2,12.8,6.5,9.4,8.2,87.7,12.214,100,50,0,0,38.9,23.2,148.4,988.9,76.5,12.9,26,2.2,2,"Rain, Partially cloudy"
Helsinki,11/17/2022,12,8.8,10.2,12,5.1,8.6,7.4,83.5,6.208,100,37.5,0,0,50.1,31.7,262.8,983.7,73.9,18.7,18.3,1.7,1,"Rain, Partially cloudy"
Helsinki,11/18/2022,12.1,7.6,10,12.1,4.8,8.5,5.8,75.3,0.397,100,8.33,0,0,32.6,23.1,264.3,1001,66,23.4,28.7,2.6,3,"Rain, Partially cloudy"
Helsinki,11/19/2022,10.6,4.2,9,10.6,4.2,8.1,5.3,77.9,0,0,0,0,0,20.5,13.6,293.1,1012.3,79.5,19.4,19.1,1.6,1,Partially cloudy
Helsinki,11/20/2022,11.1,5.6,8.2,11.1,3.6,6.8,5.7,84.7,8.58,100,41.67,0,0,36.6,25.2,259.2,1008.5,55.4,16.7,24.4,2,3,"Rain, Partially cloudy"
Helsinki,11/21/2022,9.6,4.3,6.9,6.6,2,4.3,5,87.3,1.834,100,37.5,0,0,49.6,36.3,188.4,994.2,63.7,14.8,6.8,0.8,0,"Rain, Partially cloudy"
Helsinki,11/22/2022,10.3,4.6,7,10.3,1.5,4.6,4.1,82.2,0,0,0,0,0,24.6,20.6,247.1,989,43.4,21.6,25.4,2.1,3,Partially cloudy
Helsinki,11/23/2022,12.1,4.6,8.9,12.1,3.1,7.9,5.9,82.1,1.816,100,25,0,0,49.2,29.3,215.5,992.4,49.6,13.1,21.1,1.8,3,"Rain, Partially cloudy"
Helsinki,11/24/2022,13.3,6.8,9.7,13.3,4.7,8.4,6.6,81,1.228,100,25,0,0,50.1,29.8,201.2,1002.8,53.7,13.3,25.4,2.3,2,"Rain, Partially cloudy"
Helsinki,11/25/2022,12.1,7.3,9.3,12.1,5.2,7.8,5.9,79.8,0,0,0,0,0,27.8,19.1,234.6,1015.3,7.2,13.4,22.6,1.8,2,Clear
Helsinki,11/26/2022,12.6,7.1,10.3,12.6,5.4,9.8,8.1,86.2,0.001,100,4.17,0,0,50.1,28.8,193.2,1022.8,74.9,12.1,22,1.8,2,"Rain, Partially cloudy"
Helsinki,11/27/2022,13.1,10,11.6,13.1,10,11.6,10.7,93.6,5.215,100,75,0,0,46.5,27.2,201.2,1012.5,85.4,9.9,12.3,0.9,1,"Rain, Partially cloudy"
Helsinki,11/28/2022,12.1,5.9,8.3,12.1,5,7.9,7,91.5,0.2,100,12.5,0,0,19.1,11.6,201.9,1009.4,46.5,9.8,17.9,1.5,1,"Rain, Partially cloudy"
Helsinki,11/29/2022,8.1,6.5,7.1,7.6,4.7,6.3,5.9,91.8,0,0,0,0,0,16.1,9.9,23,1019.9,99,5.1,7.4,0.6,0,Overcast
Helsinki,11/30/2022,9.6,4.4,8,9.1,4.4,7.6,6,87.7,0,0,0,0,0,10.7,8.1,64.6,1025.5,78.2,6.4,17.1,1.4,1,Partially cloudy
Helsinki,12/1/2022,9.8,4.5,7.1,9.2,3.3,6.4,4.9,86.3,0,0,0,0,0,13,9.6,355.4,1029,84.2,4.3,32.3,2.8,3,Partially cloudy
Helsinki,12/2/2022,7.6,4.6,6.1,5.3,2,3.9,4.1,87,0.198,100,4.17,0,0,35.8,19,24.5,1025.5,87.2,8.3,18.8,1.6,1,"Rain, Partially cloudy"
Helsinki,12/3/2022,8,4.8,6.6,5.2,2.1,3.6,2.5,74.8,0.001,100,4.17,0,0,33.5,20.5,45.7,1020.2,96.2,12.9,15.5,1.2,1,"Rain, Overcast"
Helsinki,12/4/2022,6.1,4.6,5.5,3.7,1.5,2.7,2,78,0.001,100,4.17,0,0,33,20.2,51.6,1016.9,98.5,10.3,3.9,0.3,0,"Rain, Overcast"
Helsinki,12/5/2022,8.6,4.5,6.7,6.4,2,4.5,4,82.6,0.001,100,4.17,0,0,24.6,14.5,28.7,1021.8,90.7,13.6,15.4,1.4,1,"Rain, Overcast"
Helsinki,12/6/2022,7.3,3.1,5.5,5.2,1,3.4,2.5,81.4,0,0,0,0,0,21.9,11.8,6.6,1023.7,56.5,18.5,20.6,1.7,2,Partially cloudy
Helsinki,12/7/2022,5.6,0.1,3.4,3.1,-1.9,1.4,0.9,83.6,0,0,0,0,0,17.5,11.8,321.6,1020.9,50.6,13.1,17.7,1.5,1,Partially cloudy
Helsinki,12/8/2022,4.1,-2.2,0.7,2.2,-4,-0.4,-2.1,82.3,0.001,100,4.17,0,0,13.5,8.1,303.7,1011.8,3.9,12,17.7,1.4,2,Rain
Helsinki,12/9/2022,3.8,-1.5,1,2,-3.3,-0.6,-1.2,85.6,0,0,0,0,0,15.6,8.5,309.9,1008.8,46.1,8.9,23,2,2,Partially cloudy
Helsinki,12/10/2022,3.4,-2.7,-0.4,2,-4.3,-1.3,-1.6,91.9,0.199,100,4.17,0,0,14.8,9.1,229.9,1010.1,6.2,13.5,17.5,1.4,2,Rain
Helsinki,12/11/2022,1.1,-2.5,-0.7,0.5,-3.6,-1.6,-1.2,96,0,0,0,2,0.1,16.2,11.3,8.2,1007.9,77,3.6,8.6,0.8,1,Partially cloudy
Helsinki,12/12/2022,1.1,-0.4,0.3,0.8,-2.9,-1.5,-0.7,93.1,1.391,100,20.83,0.3,0.7,18.4,10.2,62.2,1008.8,90.7,7.6,2.3,0,0,"Snow, Rain, Overcast"
Helsinki,12/13/2022,2.1,-1.2,0.5,-0.2,-4.2,-2.1,-2.4,81.1,0.595,100,4.17,0,0,18.4,10.6,71.5,1007.3,39.9,14.1,12.2,1.1,1,"Snow, Rain, Partially cloudy"
Helsinki,12/14/2022,1.5,-1.9,-0.1,-1.4,-5.9,-3.3,-2.7,82.4,0,0,0,0,1.1,23.7,13.9,13.3,1006,47.1,9.3,15.7,1.3,1,Partially cloudy
Helsinki,12/15/2022,2.6,-4.2,-0.6,1,-5.4,-2.2,-4.2,77.8,0,0,0,0,1.6,14.3,9.4,336,1011.4,7.2,13.7,21.2,1.8,3,Clear
Helsinki,12/16/2022,2.6,-2.9,-0.9,2.6,-4.6,-1.2,-2.5,89,0,0,0,1,0.7,10.3,6.9,279,1018.4,21.3,9.5,17.6,1.5,2,Partially cloudy
Helsinki,12/17/2022,5.6,-3.4,0.4,4,-5.4,-1.2,-1.5,87.1,0.198,100,4.17,0,0.5,20.1,13.6,169.9,1022.5,26.6,17.1,17.5,1.4,1,"Rain, Partially cloudy"
Helsinki,12/18/2022,9.4,-0.9,3,6.5,-4.2,-0.4,1.9,92.6,5.419,100,50,0,0.2,40.7,20.9,141.7,1016.4,73.2,6.9,6.4,0.5,0,"Snow, Rain, Partially cloudy"
Helsinki,12/19/2022,13.3,10.1,12.5,13.3,10.1,12.5,10.9,89.6,3.629,100,87.5,0,0,56.2,31.9,204.4,1007.4,99.6,9.1,5.3,0.5,0,"Rain, Overcast"
Helsinki,12/20/2022,13.3,5.6,10,13.3,3.7,9.4,7.7,85.6,0.811,100,37.5,0,0,59.4,29.5,219.4,1007.5,47.7,13.6,16.5,1.5,2,"Rain, Partially cloudy"
Helsinki,12/21/2022,11.3,5.6,8.5,11.3,4,7.2,6.8,88.8,0.204,100,20.83,0,0,30.3,16.1,212.7,1006.5,73.9,11.2,16.7,1.4,1,"Rain, Partially cloudy"
Helsinki,12/22/2022,11.8,6.1,9.4,11.8,4.1,8.7,8.2,91.8,0.203,100,20.83,0,0,28,17.3,234,1003.5,97,8.2,7.8,0.8,0,"Rain, Overcast"
Helsinki,12/23/2022,13.3,8.6,10.1,13.3,6.3,9.2,8.2,88,15.991,100,37.5,0,0,45.6,28,231.7,1002.7,77.2,14.6,10.4,0.8,1,"Rain, Partially cloudy"
Helsinki,12/24/2022,11,6.6,9.2,11,4.7,8,7.6,89.2,0.204,100,12.5,0,0,34.4,18.8,209,1009.8,52,11,16.2,1.5,1,"Rain, Partially cloudy"
Helsinki,12/25/2022,11.6,9.1,10.5,11.6,7,10.1,8.4,86.8,0.804,100,16.67,0,0,33.9,18.3,199.7,1008,85.9,19.2,13.9,1.1,1,"Rain, Partially cloudy"
Helsinki,12/26/2022,10.8,4.6,7.1,10.8,1.3,4.5,3.3,77,0.996,100,16.67,0,0,37.1,27.5,248.6,1015.6,34.6,21.3,18.2,1.5,2,"Rain, Partially cloudy"
Helsinki,12/27/2022,10.6,2.8,7.1,10.6,0.6,5,5,86.1,2.802,100,33.33,0,0,50.1,28.4,213,1019.6,60.3,16.3,19.1,1.7,1,"Rain, Partially cloudy"
Helsinki,12/28/2022,12,10,10.9,12,10,10.9,9.1,89,5.211,100,75,0,0,59.4,35.2,216.7,1002.3,97.3,7.9,7.7,0.7,0,"Rain, Overcast"
Helsinki,12/29/2022,10.3,6.1,8.8,10.3,3.5,6.3,4.5,74.2,0.004,100,12.5,0,0,55.5,33.6,235.7,1001.1,52.6,17.5,17,1.5,1,"Rain, Partially cloudy"
Helsinki,12/30/2022,13.6,6,10.3,13.6,3.8,8.8,7.8,84.5,2.417,100,37.5,0,0,57.6,32.5,206,997.4,78.7,14,9.2,0.8,0,"Rain, Partially cloudy"
Helsinki,12/31/2022,14.3,10.8,12.8,14.3,10.8,12.8,10.4,85.1,3.24,100,70.83,0,0,65.8,34.6,218.3,999.8,95.5,11.1,5,0.3,0,"Rain, Overcast"
